{
  "lng.detect": "(لغة المتصفح الافتراضية (الكشف التلقائي",
  "nav.123-code": "نموذج",
  "nav.accounts": "حسابات",
  "nav.claims": "المطالبة  بالرموز",
  "nav.contracts": "عقود",
  "nav.council": "مجلس",
  "nav.dashboard": "لوحة التحكم",
  "nav.democracy": "الديمقراطية",
  "nav.explorer": "مستكشف",
  "nav.extrinsics": "عوامل خارجية",
  "nav.generic-asset": "أصل عام",
  "nav.github": "غيت هوب",
  "nav.i18n": "مترجم I18n",
  "nav.js": "جافا سكريبت",
  "nav.parachains": "السلاسل الموازية",
  "nav.settings": "إعدادات",
  "nav.society": "مجتمع",
  "nav.staking": "الرهان",
  "nav.storage": "حالة السلسلة",
  "nav.sudo": "سودو",
  "nav.tech-comm": "الاتصالات التقنية",
  "nav.toolbox": "صندوق الأدوات",
  "nav.transfer": "تحويل",
  "nav.treasury": "الخزينة",
  "nav.wiki": "ويكي",
  "rpc.arcadia": "(أركاديا (شبكة اختبار العقيدات، تستضيفها نودل",
  "rpc.berlin": "تستضيفها مختبرات الكومنولث, اختبار برامج إيدج )   برلين)",
  "rpc.custom": "بيئة مخصصة  للزبناء",
  "rpc.edgeware": "(إيدج وير (شبكة رئيسية لإيدج وير, تستضيفها  مختبرات الكومنولث",
  "rpc.flamingfir": "(فليمين فير (اختبار مادة أساسية، يستضيفها التماثل",
  "rpc.header.dev": "تنمية",
  "rpc.header.live": "الشبكات المباشرة",
  "rpc.header.test": "اختبار  الشبكات",
  "rpc.kulupu": "(كولوبو (كولوبو شبكة رئيسية، استضافه كولوبو",
  "rpc.kusama.ava": "كوساما (Polkadot Canary العقد العامة التي يديرها المستخدم؛ https://status.cloud.ava.do/انظر )",
  "rpc.kusama.parity": "كوساما (Polkadot Canary، مستضاف من المساواة)",
  "rpc.kusama.w3f": "كوساما (Polkadot Canary، مستضاف من مؤسسة ويب3)",
  "rpc.local": "نقطة التوصيل المحلية  (خاصة،127.0.0.1:9944",
  "rpc.westend": "ويست إند (Polkadot Testnet، مستضاف من التعادل)",
  "ss58.centrifuge": "(جهاز الطرد المركزي (مباشر",
  "ss58.default": "التلقائي للعقدة المتصلة",
  "ss58.edgeware": "(برامج إيدج (مباشر",
  "ss58.kusmaa": "(كوساما (كانارى",
  "ss58.polkadot": "(بولكادو (مباشر",
  "ss58.substrate": "(المادة (عامة"
}