{
  "1. Select your {{chain}} account": "1.{{حدد حساب  {{سلسلتك",
  "2. Enter the ETH address from the sale.": "2. أدخل عنوان إيثيريوم من عملية البيع",
  "2. Sign ETH transaction": "2. توقيع معاملة إيثيريوم",
  "A deployed contract that has either been deployed or attached. The address and ABI are used to construct the parameters.": ".عقد منتشر إما تم نشره أو مرفق.  يتم استخدام العنوان و\"واجهة التطبيق الثنائية\" لإنشاء الإعدادات",
  "ABI": "واجهة التطبيق الثنائية",
  "Account balance:": ":رصيد الحساب",
  "Add an existing code hash": "إضافة تجزئة رمز موجودة",
  "Add an existing contract": "إضافة عقد موجود",
  "Call": "مكالمة",
  "Call a contract": "اتصل بعقد",
  "Call a method on this contract": "اتصل بطريقة على هذا العقد",
  "Call results": "نتائج المكالمات",
  "Call this message": "اتصل بهذه الرسالة",
  "Claim": "مطالبة",
  "Clear all": "مسح الكل",
  "Confirm ABI removal": "تأكيد إزالة  واجهة التطبيق الثنائية",
  "Confirm claim": "تأكيد المطالبة",
  "Continue": "إكمال",
  "Copy the above string and sign an Ethereum transaction with the account you used during the pre-sale in the wallet of your choice, using the string as the payload, and then paste the transaction signature object below": "انسخ السلسلة أعلاه وقم بتوقيع معاملة إيثريوم مع الحساب الذي استخدمته أثناء عملية البيع المسبق في محفظة من اختيارك، باستخدام السلسلة كحمولة صافية، ثم الصق توقيع المعاملة المذكورة أدناه",
  "Copy the following string and sign it with the Ethereum account you used during the pre-sale in the wallet of your choice, using the string as the payload, and then paste the transaction signature object below:": ":انسخ السلسلة التالية وقم بالتوقيع عليها باستخدام حساب \"أثيريوم\" الذي استخدمته أثناء عملية البيع المسبق في محفظة من اختيارك، باستخدام السلسلة كحمولة صافية، ثم الصق توقيع المعاملة المذكورة أدناه",
  "Deploy": "نشر",
  "Deploy a code hash": "نشر تجزئة رمز",
  "Deploy this code hash as a smart contract": "نشر تجزئة هذا الكود كعقد ذكي",
  "Deploy with this constructor": "نشر مع هذا المنشئ",
  "Forget this code hash": "تم نسيان تجزئة الرمز هذه",
  "Forget this contract": "تم نسيان هذا العقد",
  "I agree": "أوافق",
  "Loading": "جاري التحميل",
  "Messages": "رسائل",
  "Mutates contract state": "كتم حالة العقد",
  "No code hashes available": "لا تتوفر أجزاء للكود",
  "No contracts available": "لا عقود متوفرة",
  "No documentation provided": "لم يتم توفير أي وثائق",
  "Please read these terms and conditions carefully. By submitting this statement, you are deemed to have accepted these Terms and Conditions. If you do not agree to these terms, please refrain from accessing or proceeding. You can also find them at:": ":يرجى قراءة هذه الشروط والأحكام بعناية.  من خلال إرسال هذا البيان، يُعتبر أنك قد قبلت هذه الشروط والأحكام. إذا لم توافق على هذه الشروط، فيرجى الامتناع عن الدخول أو المتابعة. يمكنك أيضًا العثور عليها في",
  "Pre-sale ethereum address": "عنوان إيثيريوم مسبق البيع",
  "Redeem": "استرجاع",
  "Remove": "إلغاء",
  "Remove ABI": "إلغاء  واجهة التطبيق الثنائية",
  "Save": "حفظ",
  "Specify the user account to use for this contract call. And fees will be deducted from this account.": ".حدد حساب المستخدم الذي تريد استخدامه لمكالمة العقد هذه.  وسيتم خصم الرسوم من هذا الحساب",
  "Specify the user account to use for this deployment. And fees will be deducted from this account.": ".حدد حساب المستخدم الذي تريد استخدامه لهذا النشر.  وسيتم خصم الرسوم من هذا الحساب",
  "Specify the user account to use for this deployment. Any fees will be deducted from this account.": ".حدد حساب المستخدم الذي تريد استخدامه لهذا النشر.  سيتم خصم أي رسوم من هذا الحساب",
  "The ABI for the WASM code. In this step it is optional, but setting it here simplifies the setup of contract instances.": ". واجهة التطبيق الثنائية لكود \"واسم\".  في هذه الخطوة، يكون هذا الأمر اختياريًا،  ولكن إعداده هنا يبسط عملية إعداد مثيلات العقد",
  "The ABI for the WASM code. Since we will be making a call into the code, the ABI is required and stored for future operations such as sending messages.": ".واجهة التطبيق الثنائية  لكود \"واسم\".  بما أننا سنقوم باتصال بالكود، فإن واجهة التطبيق الثنائية مطلوبة ويتم تخزينها للعمليات المستقبلية مثل إرسال الرسائل",
  "The account you want to claim to.": ".الحساب الذي تريد المطالبة به",
  "The address for the deployed contract instance.": ".عنوان لحالة العقد المنتشر",
  "The allotted endowment for this contract, i.e. the amount transferred to the contract upon instantiation.": ".الوقف مخصص لهذا العقد، أي المبلغ المحوَّل إلى العقد عند عدم التبرم",
  "The allotted value for this contract, i.e. the amount transferred to the contract as part of this call.": ".الوقف المخصص لهذا العقد،  أي المبلغ المحوَّل إلى العقد كجزء من هذه  المكالمة",
  "The code hash for the on-chain deployed code.": ".تجزئة الكود للرمز الذي تم نشره على السلسلة",
  "The code is not recognized as being in valid WASM format": ".\"لم يتم التعرف على الكود على أنه فورما صالحة من \"واسم",
  "The codeHash is not a valid hex hash": ".لا تعد تجزئة الكود تجزئة سداسية عشرية صالحة",
  "The compiled WASM for the contract that you wish to deploy. Each unique code blob will be attached with a code hash that can be used to create new instances.": ".نظام \"واسم\" المجمع للعقد الذي ترغب في نشره.  سيتم إرفاق كل كود \"بلوب\" فريد بتجزئة  رمز يمكن استخدامه لإنشاء مثيلات جديدة",
  "The contract WASM previously deployed. Internally this is identified by the hash of the code, as either created or attached.": ".تم نشر عقد \"واسم\" من قبل.  يتم تعريف هذا الأمر داخليًا بواسطة تجزئة الرمز، على أنه تم إنشاؤه أو إرفاقه",
  "The deployment constructor information for this contract, as provided by the ABI.": ".معلومات منشئ النشر الخاصة بهذا العقد، كما تم توفيرها من قبل  واجهة التطبيق الثنائية",
  "The maximum amount of gas that can be used by this call. If the code requires more, the call will fail.": ".الحد الأقصى لكمية الغاز التي يمكن استخدامها بواسطة هذه المكالمة.  إذا كان الرمز يتطلب المزيد، فستفشل المكالمة",
  "The maximum amount of gas that can be used by this deployment, if the code requires more, the deployment will fail.": ".الحد الأقصى لكمية الغاز التي يمكن استخدامها بواسطة هذا النشر، إذا تطلب الرمز المزيد، فسيفشل النشر",
  "The maximum amount of gas to use for this contract call. If the call requires more, it will fail.": ".الحد الأقصى لكمية الغاز التي يجب استخدامها في مكالمة العقد هذه.  إذا كانت المكالمة تتطلب المزيد، فسوف تفشل",
  "The message to send to this contract. Parameters are adjusted based on the ABI provided.": ".الرسالة التي يجب إرسالها إلى هذا العقد.  يتم تعديل الإعدادات استنادًا إلى واجهة التطبيق الثنائية المقدمة",
  "The the Ethereum address you used during the pre-sale (starting by \"0x\")": "(\"0x\"عنوان إيثريوم الذي استخدمته أثناء فترة ما قبل البيع (بدءًا من",
  "The value is not in a valid address format": "القيمة ليست على هيئة عنوان صالح",
  "This Ethereum address does not have a claim.": "لا يشتمل عنوان \"إيثيروم\" هذا على المطالبة",
  "This operation does not impact the associated on-chain code or any of its contracts.": ".لا تؤثر هذه العملية على رمز السلسلة المرتبط بها أو أي من عقوده",
  "This operation does not remove the uploaded code WASM and ABI from the chain, nor any deployed contracts. The forget operation only limits your access to the code on this browser.": ".لا تؤدي هذه العملية إلى إزالة الرمز\"واسم\" وكذا  واجهة التطبيق الثنائية المحمّلين من السلسلة، ولا إلى أي عقود تم نشرها.  إن عملية النسيان تحد من وصولك إلى الرمز على هذا المتصفح فقط",
  "Unable to find deployed contract code at the specified address": ".يتعذر العثور على رمز العقد الذي تم نشره على العنوان المحدد",
  "Unable to find on-chain WASM code for the supplied codeHash": ".يتعذر العثور على كود \"واسم\" على السلسلة لرمز وحدة التحكم عن بعد المقدم",
  "Upload": "تحميل",
  "Upload WASM": "WASM \"تحميل \"واسم",
  "Warning: we did not find any attest statement for {{chain}}": "{{تحذير: لم نعثر على أي بيان يشهد لـهذه {{السلسلة",
  "We found a pre-claim with this Polkadot address. However, attesting requires signing with this account. To continue with attesting, please add this account as an owned account first.": ".وجدنا مطالبة مسبقة بعنوان بولكدوت هذا. ومع ذلك، تتطلب المصادقة التوقيع باستخدام هذا الحساب.  لمتابعة عملية التحقق، يرجى إضافة هذا الحساب كحساب مملوك أولاً.",
  "You are about to remove this code from your list of available code hashes. Once completed, should you need to access it again, you will have to manually add the code hash again.": ".أنت على وشك إزالة هذا الرمز من قائمة أجزاء الرموز المتوفرة لديك.  بمجرد الانتهاء، إذا كنت بحاجة إلى الوصول إليه مجددا، فسوف تضطر إلى إضافة تجزئة الرمز يدويًا مرة أخرى",
  "You are about to remove this code's ABI. Once completed, should you need to access it again, you will have to manually re-upload it.": ".أنت على وشك إزالة  واجهة التطبيق الثنائية  لهذا الرمز. بمجرد الانتهاء، إذا كنت بحاجة إلى الوصول إليه مرة أخرى، فسيتوجب عليك إعادة تحميله يدويًا",
  "You are using an ABI with an outdated format. Please generate a new one.": ".أنت تستخدم واجهة التطبيق الثنائية بفورما قديمة.  يرجى إنشاء واحدة جديدة",
  "You need to sign an attestation for the following account:": ":يجب أن توقع شهادة للحساب التالي",
  "You need to sign an attestation for the following accounts:": ":يجب أن توقع شهادة للحسابات التالية",
  "Your Ethereum account": "حساب إيثيريوم الخاص بك",
  "address forgotten": "تم نسيان العنوان",
  "call from account": "اتصل من الحساب",
  "claim to account": "مطالبة للحساب",
  "click to copy": "انقر للنسخ",
  "click to select or drag and drop a JSON ABI file": "انقر لتحديد أو سحب وإسقط واجهة التطبيق الثنائية  لملف ج.سون",
  "code for this contract": "رمز لهذا العقد",
  "code hash": "تجزئة الرمز",
  "compiled contract WASM": "WASM \"تم تجميع العقد \"واسم",
  "contract address": "عنوان العقد",
  "contract to use": "عقد للاستخدام",
  "copied": "منقول",
  "deploy": "نشر",
  "deployment account": "حساب النشر",
  "deployment constructor": "منشئ النشر",
  "does not appear to have a valid claim. Please double check that you have signed the transaction correctly on the correct ETH account.": ".لا يبدو أن لديك مطالبة صالحة.  يرجى التحقق من أنك وقعت المعاملة بشكل صحيح على حساب إيثيريوم المناسب",
  "endowment": "الهبة",
  "execute": "تنفيذ",
  "has a valid claim for": "لديك مطالبة صالحة لـ",
  "invalid ABI file selected": "تم تحديد ملف لواجهة التطبيق الثنائية غير صالح",
  "maximum gas allowed": "الحد الأقصى المسموح  به  للغاز",
  "message to send": "رسالة للإرسال",
  "send as RPC call": "إرسال كمكالمة إجراء عن بُعد",
  "send as transaction": "إرسال كمعاملة",
  "value": "قيمة",
  "{{executionTime}}s execution time": "وقت التنفيذ}} من زمن التنفيذ}}",
  "{{percentage}}% of block time": "النسبة المئوية}}% من وقت الكتلة}}",
  "{{step}}. Sign with your ETH address": "{{قم بتسجيل الدخول باستخدام عنوان إيثيريوم الخاص بك {{خطوة"
}