{
  "0.1x voting balance, no lockup period": "رصيد التصويت،  ليس هناك فترة توقف  x0.1",
  "Cancel slashes": "إلغاء الخطوط المائلة",
  "Close": "إغلاق",
  "Close proposal": "إغلاق الاقتراح",
  "Conviction locks do overlap and is additive, meaning that funds locked during a previous vote can be locked again.": ".إن أقفال الإقناع تتداخل وتضاف، وهذا يعني أن الأموال التي يتم تأمينها أثناء التصويت السابق يمكن تأمينها مرة أخرى",
  "Council overview": "نظرة عامة على المجلس",
  "Current prime member, default voting": "عضو رئيسي حالي، التصويت التلقائي",
  "Democracy overview": "نظرة عامة على الديمقراطية",
  "Fast track": "المسار السريع",
  "Fast track proposal": "المسار السريع المقترح",
  "If this proposal is passed, the changes will be applied via dispatch and the deposit returned.": ".إذا تم تمرير هذا المقترح، فسيتم تطبيق التغييرات عبر الإرسال ويتم إرجاع الإيداع",
  "In calculating the election outcome, this prioritized vote ordering will be used to determine the final score for the candidates.": ".عند حساب نتيجة الانتخابات، سيتم استخدام أولوية  أمر التصويت لتحديد النتيجة النهائية للمرشحين",
  "Motions ({{count}})": "({{الحركات ({{احسب",
  "No active proposals": "لا توجد مقترحات نشطة",
  "No active referendums": "لا توجد  استفتاءات نشطة",
  "No candidates found": "لم يتم العثور على مرشحين",
  "No council motions": "لا توجد التماسات من المجلس",
  "No external proposal": "لا يوجد اقتراح خارجي",
  "No members found": "لم يتم العثور على أعضاء",
  "No runners up found": "لم يتم العثور على أي عدّائين",
  "Nothing queued for execution": "لا شيء في قائمة الانتظار للتنفيذ",
  "Only applicable if the proposal has already passed and is ready for dispatch.": ".ينطبق فقط إذا كان المقترح قد تم تمريره بالفعل وجاهز للإرسال",
  "Positive number between 1 and {{memberCount}}": "{{عدد موجب بين 1 و {{عدالعضو",
  "Preimage": "الصورة الأولية",
  "Propose": "مقترح",
  "Propose a council motion": "اقترح التماس من المجلس",
  "Propose external": "اقتراح خارجي",
  "Propose external (majority)": "(اقتراح خارجي (الأغلبية",
  "Propose motion": "اقترح حركة",
  "Register the vote for or against the proposal.": ".تسجيل التصويت لصالح الاقتراح أو ضده",
  "Revert": "استرجاع",
  "Revert pending slashes": "إرجاع الألواح المائلة المعلقة",
  "Second": "ثانوي",
  "Second proposal": "اقتراح ثانوي",
  "Seconding a proposal that indicates your backing for the proposal. Proposals with greater interest moves up the queue for potential next referendums.": ".إعارة المقترح الذي يشير إلى مساندتك للاقتراح.  المقترحات ذات المنفعة الأكبر تتحرك في الصف نحو الاستفتاءات التالية المحتملة",
  "Seconds ({{count}})": "({{الثواني ({{عد",
  "Select and order council candidates you wish to vote for.": ".حدد المرشحين الذين ترغب في التصويت لصالحهم  وقم بطلب ترشيحهم",
  "Select the account you wish close the proposal with.": ".حدد الحساب الذي تريد إغلاق العرض به",
  "Select the account you wish to make the proposal with.": ".حدد الحساب الذي تريد تقديم العرض معه",
  "Select the account you wish to second with. This will lock your funds until the proposal is either approved or rejected": ".حدد الحساب الذي تريد أن تجمعله  ثانويا.  سيؤدي ذلك إلى قفل أموالك حتى يتم الموافقة على المقترح  أو رفضه",
  "Select the account you wish to submit for candidacy.": ".حدد الحساب الذي ترغب في إرساله للترشيح",
  "Submit candidacy": "تقديم الترشيح",
  "Submit preimage": "إرسال الصورة الأصلية",
  "Submit proposal": "إرسال  المقترح",
  "Submit your council candidacy": "اعرض ترشيحك للمجلس",
  "The account you want to register the preimage from": "الحساب الذي تريد تسجيل الصورة الأصلية منه",
  "The account you want to register the proposal from": "الحساب الذي تريد تسجيل المقترح منه",
  "The actual proposal to make, based on the selected call and parameters thereof.": ".الاقتراح الفعلي الذي يجب طرحه، استناداً إلى المكالمة المحددة  والإعدادات الموجودة",
  "The amount this total can be reduced by to change the referendum outcome. This assumes changes to the convictions of the existing votes, with no additional turnout.": ".يمكن تخفيض المبلغ الإجمالي هذا بتغيير نتيجة الاستفتاء. وهذا يفترض إدخال تغييرات على قناعات الأصوات القائمة، دون أي مشاركة إضافية",
  "The amount this total should be increased by to change the referendum outcome. This assumes additional turnout with new votes at 1x conviction.": ".المبلغ الإجمالي الذي يجب زيادته من خلال تغيير نتيجة الاستفتاء.  وهذا يفترض إقبالا إضافيا بأصوات جديدة في إدانة واحدة",
  "The associated deposit for this proposal should be more then the minimum on-chain deposit required. It will be locked until the proposal passes.": ".يجب أن يكون الإيداع المرتبط بهذا الاقتراح أكثر من الحد الأدنى المطلوب للإيداع على السلسلة.  سيتم تأمينه حتى يتم تمرير الاقتراح",
  "The balance associated with the vote will be locked as per the conviction specified and will not be available for transfer during this period.": ".سيتم إقفال الرصيد المرتبط بالتصويت وفقا للقناعة المحددة ولن يكون متاحا للتحويل خلال هذه الفترة",
  "The conviction to use for this vote, with an appropriate lock period.": ".القناعة المستخدمة لهذا التصويت، مع فترة إقفال مناسبة",
  "The council account for the proposal. The selection is filtered by the current members.": ".يضع المجلس بيانا للاقتراح.  تتم تصفية التحديد من طرف الأعضاء الحاليين",
  "The council account for this vote. The selection is filtered by the current members.": ".يطرح المجلس هذا التصويت.  تتم تصفية التحديد من طرف  الأعضاء الحاليين",
  "The council account that will apply the close for the current round.": ".حساب المجلس الذي سيطبق الإغلاق في الجولة الحالية",
  "The delay period to apply in blocks": "فترة التأخير المطلوب تطبيقها في الكتل",
  "The desired threshold. Here set to a default of 50%+1, as applicable for general proposals.": ".السقف المطلوب.  يتم تعيين هذا الخيار كقيمة  تلقائية 50%+1،  كما ينطبق على الاقتراحات العامة",
  "The external proposal to send to the technical committee": "الاقتراح الخارجي المرسل إلى اللجنة التقنية",
  "The hash of the preimage for the proposal as previously submitted or intended.": ".تجزئة الصورة الأصلية للاقتراح كما سبق تقديمه أو تطبيقه",
  "The hash of the proposal image, either already submitted or valid for the specific call.": ".تجزئة الصورة المعروضة، إما مُطبقة بالفعل أو صالحة للمكالمة المحددة",
  "The hash of the selected proposal, use it for submitting the proposal": "تجزئة الاقتراح المحدد، استخدمه لتقديم الاقتراح",
  "The image (proposal) will be stored on-chain against the hash of the contents.": ".سيتم تخزين الصورة (المقترحة) على السلسلة مقابل تجزئة المحتويات",
  "The locked value for this proposal": "القيمة المقفلة لهذا المقترح",
  "The minimum deposit required": "الحد الأدنى للإيداع مطلوب",
  "The minimum number of council votes required to approve this motion": "الحد الأدنى لعدد أصوات المجلس المطلوبة للموافقة على هذا الاقتراح",
  "The preimage hash of the proposal": "تجزئة الصورة الأولية  للمقترح",
  "The proposal is in the queue for future referendums. One proposal from this list will move forward to voting.": ".الاقتراح في قائمة انتظار الاستفتاءات المستقبلية.  سوف تنتقل أحد المقترحات الواردة في هذه القائمة إلى التصويت",
  "The proposal that is being voted on. It will pass when the threshold is reached.": ".الاقتراح الذي يجري التصويت عليه.  سوف يمر عند بلوغ العتبة",
  "The proposal that will be affected. Once closed for the current voting round, it would need to be re-submitted to council for a subsequent voting round.": ".الاقتراح الذي سيتأثر.  وبمجرد أن يتم إغلاقه لجولة التصويت الحالية، فسوف يكون من الضروري إعادة عرضه على المجلس لجولة تصويت تالية",
  "The proposal will be registered from this account and the balance lock will be applied here.": ".سيتم تسجيل الاقتراح من هذا الحساب وسيتم تطبيق قفل الرصيد هنا",
  "The specific eras on which there are unapplied slashes. For each era a separate proposal is to be made.": ".العصور الخاصة التي لا تطبق عليها خطوط مائلة.  يتعين تقديم اقتراح منفصل لكل عصر",
  "The unapplied slashed era to cancel.": ". إلغاء عصر الخطوط المائلة غير المعمول بها",
  "The value associated with this vote. The amount will be locked (not available for transfer) and used in all subsequent elections.": ".القيمة المرتبطة بهذا التصويت.  سيتم تأمين المبلغ (غير متوفر للتحويل) واستخدامه في جميع الانتخابات اللاحقة",
  "The vote to record for this proposal, either for or against.": ".التصويت على تسجيل هذا الاقتراح، إما لصالحه أو ضده",
  "The vote will be recorded for the selected account.": ".سيتم تسجيل التصويت للحساب المحدد",
  "The vote will be recorded for this account. If another account delegated to this one, the delegated votes will also be counted.": ".سيتم تسجيل التصويت لهذا الحساب.  وإذا تم تفويض حساب آخر لهذا الحساب، فسيتم أيضاً عد الأصوات المفوضة",
  "The votes for the members, runner-ups and candidates. These should be ordered based on your priority.": ".الأصوات للأعضاء، النواب والمرشحين.  يجب ترتيب هذه الأمور بناءً على أولوياتك",
  "The voting period to apply in blocks": "فترة التصويت على أن تطبق في كتل",
  "This account will appear in the list of candidates. With enough votes in an election, it will become either a runner-up or a council member.": ".سيظهر هذا الحساب في قائمة المرشحين.  وبالعدد الكافي من الأصوات في الانتخابات، فإنها سوف تصبح إما نائباً أو عضواً في المجلس",
  "This account will be use to approve each candidate.": ".سيتم استخدام هذا الحساب للموافقة على كل مرشح",
  "This account will pay the fees for the preimage, based on the size thereof.": ".سيدفع هذا الحساب رسوم الصورة الأولية، بناءً على حجمها",
  "Vote": "تصويت",
  "Vote for current candidates": ".صوت للمرشحين الحاليين",
  "Vote on proposal": "التصويت على الاقتراح",
  "When submitting a proposal the hash needs to be known. Proposals can be submitted with hash-only, but upon dispatch the preimage needs to be available.": ".عند تقديم الاقتراح، يجب معرفة التجزئة. يمكن تقديم المقترحات بتجزئة فقط، ولكن عند إرسالها يلزم أن تكون الصورة الأولية متاحة",
  "You are voting with this collective's prime account. The vote will be the default outcome in case of any abstentions.": ".أنت مصوت بحساب الجمعية الأساسي هذا.  سوف يكون التصويت النتيجة التلقائية في حالة امتناع أي عضو عن التصويت",
  "activate": "مفعل",
  "aye": "آي",
  "backing": "دعم",
  "candidate account": "حساب المرشح",
  "candidates": "المرشحين",
  "conviction": "قناعة",
  "council candidates": "مرشحو المجلس",
  "delay": "تأخير",
  "dispatch queue": "قائمة انتظار الإرسال",
  "enact": "سن",
  "era {{era}}, {{count}} slashes": "عصر{{عصر}}،  {{عد}} خطوط مائلة",
  "external": "خارجي",
  "imminent preimage (proposal already passed)": "(صورة أولية وشيكة (تم تمرير الاقتراح بالفعل",
  "launch period": "فترة الإطلاق",
  "locked": "مغلق",
  "locked balance": "الرصيد المقفول",
  "members": "أعضاء",
  "minimum deposit": "الحد الأدنى للإيداع",
  "motions": "التماسات",
  "my ordered votes": "أصواتي التي أمرت بها",
  "nay": "كلا",
  "no unapplied slashes found": "لم يتم العثور على أي  خطوط  مائلة غير مطبقة",
  "preimage hash": "تجزئة الصورة الأصلية",
  "prime voter": "الناخب الرئيسي",
  "proposal": "مقترح",
  "proposal hash": "تجزئة المقترح",
  "proposals": "المقترحات",
  "propose": "اقترح",
  "propose from account": "اقتراح من الحساب",
  "proposer": "مقدم الإقتراح",
  "referenda": "استفتاءات",
  "remaining": "متبقي",
  "runners up": "النواب الثانويون",
  "seats": "مقاعد",
  "second with account": "ثانويًا مع الحساب",
  "send from account": "إرسال من الحساب",
  "sending account": "جارٍ إرسال الحساب",
  "term progress": "مدى التقدم",
  "the era to cancel for": "عصر الإلغاء لأجله",
  "threshold": "عتبة",
  "total": "المجموع",
  "transferrable": "قابل للتحويل",
  "turnout": "مشاركة",
  "voting account": "حساب التصويت",
  "voting end": "انتهاء التصويت",
  "voting period": "فترة التصويت",
  "voting round": "جولة التصويت",
  "{{blocks}} blocks": "{{الكتل {{كتل",
  "{{percentage}} aye": "{{إيي {{النسبة المئوية",
  "{{threshold}}, not passing": "سقف}}، لا يتم  تمريره}}",
  "{{threshold}}, passing": "سقف}}،   يتم  تمريره}}",
  "{{value}}x voting balance, locked for {{lock}}x enactment ({{period}} days)": "({{قفل}} (تاريخ إصدار {{أيام}}x رصيد التصويت، مقفل لـ x  {{قيمة }}"
}