{
  "//hard///password": "صعب///كلمة المرور//",
  "//hard/soft": "صعب/لين//",
  "//hard/soft///password": "صعب/لين///كلمة المرور//",
  "<unknown>": "<غير معروف>",
  "Accounts injected from any of these extensions will appear in this application and be available for use. The above list is updated as more extensions with external signing capability become available.": ".ستظهر الحسابات التي تم إدخالها في أي من هذه الامتدادات في هذا التطبيق وستكون متاحة للاستخدام.  يتم تحديث القائمة أعلاه مع توفر المزيد من الملحقات مع إمكانية التوقيع الخارجي",
  "Add account": "أضف حسابًا",
  "Add account via Qr": "QRأضف حسابًا عبر كود",
  "Add an account via seed": "SEED أضف حسابًا باستخدام الجملة البذرة",
  "Add an address": "أضف عنوانا",
  "Add contact": "أضف اسم المتصل",
  "Add identity judgment": "إضافة حكم على الهوية",
  "Add multisig": "إضافة دخول متعدد",
  "Add via Qr": "QRأضف عبر كود",
  "Add via backup file": "أضف عبر ملف النسخ الاحتياطي",
  "Advanced creation options": "خيارات إنشاء متقدمة",
  "An URL that is linked to this identity.": ".مرتبط بهذه الهوية (URL ) عنوا ن",
  "An encrypted backup file will be created once you have pressed the \"Download\" button. This can be used to re-import your account on any other machine.": ".سيتم إنشاء ملف نسخ احتياطي مشفّر بمجرد الضغط على الزر \"تنزيل\".  يمكن استخدام هذه الأداة لإعادة استيراد حسابك على أي جهاز آخر",
  "Approve this call hash": "اعتماد تجزئة هذه المكالمة",
  "Backup account": "حساب نسخ احتياطي",
  "Cancel this call hash": "إلغاء  تجزئة هذه المكالمة",
  "Change": "تغيير",
  "Change account password": "تغيير كلمة المرور للحساب",
  "Change this account's password": "غير كلمة المرور لهذا الحساب",
  "Claim tokens...": "المطالبة بالرموز",
  "Clear expired democracy locks": "أقفال ديمقراطية  واضحة انتهت صلاحيتها",
  "Council": "مجلس",
  "Create": "أنشإ",
  "Create a backup file for this account": "قم بإنشاء ملف نسخ احتياطي لهذا الحساب",
  "Create and backup account": "أنشإ  و قم بنسخ ملف احتياطي للحساب",
  "Deposit": "إيداع",
  "Derive account from pair": "اشتقاق الحساب من زوج",
  "Derive account via derivation path": "اشتقاق الحساب عبر مسار الإشتقاق",
  "Determines what cryptography will be used to create this account. Note that to validate on Polkadot, the session account must use \"ed25519\".": ".\"ed25519\" يحدد التشفير الذي سيتم استخدامه لإنشاء هذا الحساب.  لاحظ أنه للتحقق من صحة الأمر على بولكادوت ، يجب أن يستخدم الحساب",
  "Development": "تنمية",
  "Download": "تنزيل",
  "Either approve or reject this call.": ".إما الموافقة على هذه المكالمة أو رفضها",
  "Erroneous": "مغلوط",
  "Evaluated {{count}} keys in {{elapsed}}s ({{avg}} keys/s)": "({{تم تقييم {{حساب}} المفاتيح في {{سابق}}}  (المفاتيح{{معدل",
  "External": "خارجي",
  "Forget this account": "نسيت هذا الحساب",
  "Forget this address": "نسيت هذا العنوان",
  "If the recipient account is new, the balance needs to be more than the existential deposit. Likewise if the sending account balance drops below the same value, the account will be removed from the state.": ".إذا كان حساب المتلقي جديداً، فلابد أن يكون الرصيد أكثر من الإيداع الموجود. وبالمثل إذا انخفض رصيد الحساب المرسل عن القيمة نفسها، فستتم إزالة الحساب من الحالة",
  "If you are moving accounts between applications, ensure that you use the correct type.": ".إذا كنت تنقل حسابات بين التطبيقات، فتأكد من استخدام النوع الصحيح",
  "Important notice": "إشعار هام",
  "Initiate account recovery": "بدء استرداد الحساب",
  "Initiate recovery for another": "بدء الاسترداد لآخر",
  "Injected": "حقن",
  "It is recommended that you create/store your accounts securely and externally from the app. On {{yourBrowser}} the following browser extensions are available for use -": "- يوصى بإنشاء/تخزين حساباتك بأمان وخارج من التطبيق. في {{متصفحك}} تتوفر ملحقات المتصفح التالية للاستخدام",
  "Judge": "حكم",
  "Known good": "معروف جيد",
  "Learn more...": "...معرفة المزيد",
  "Low quality": "جودة منخفضة",
  "Make Transfer": "إجراء النقل",
  "Make recoverable": "قابلية الاسترداد",
  "Mnemonic": "ذاكرة",
  "Multisig": "متعدد الدخول",
  "Multisig approvals": "موافقات متعددة الدخول",
  "My accounts": "حساباتي",
  "My contacts": "أرقامي",
  "Name given to this account. You can change it at any point in the future.": ".الاسم الذي تم إعطاؤه لهذا الحساب. يمكنك تغييره في أي وقت في المستقبل",
  "Name given to this account. You can edit it. To use the account to validate or nominate, it is a good practice to append the function of the account in the name, e.g \"name_you_want - stash\".": ".\"الاسم الذي تم إعطاؤه لهذا الحساب.  يمكنك تغييره.  لاستخدام الحساب للتحقق من الصحة أو الترشيح، من الجيد إلحاق وظيفة الحساب بالاسم، مثل \"الإسم_الذي_تريد_إخفاءه",
  "Name given to this multisig. You can edit it at any later point in time.": ".الاسم الذي تم إعطاؤه لهذا الدخول المتعدد.  يمكنك تغييره في أي وقت لاحق",
  "No judgments": "لا أحكام",
  "No matches found": "لا نتائج مشابهة",
  "Owned": "مملوك",
  "Paste here the address of the contact you want to add to your address book.": ".الصق هنا عنوان جهة الاتصال التي تريد إضافتها إلى دفتر العناوين",
  "Pending call hashes": "بانتظار أجزاء المكالمات",
  "Please make sure to save this file in a secure location as it is required, together with your password, to restore your account.": ".يرجى التأكد من حفظ هذا الملف في مكان آمن كما هو مطلوب، مع كلمة المرور، لاستعادة حسابك",
  "Provide judgement": "إصدار الحكم",
  "Provide the account QR from the module/external application for scanning. One detected as valid, you will be taken to the next step to add the account to your list.": ".للحساب من الوحدة/التطبيق الخارجي للمسح الضوئي. إن تم اكتشاف الحساب كصحيح، سيتم نقلك إلى الخطوة التالية لإضافة الحساب إلى قائمتك (QR) إصداركود",
  "Query Ledger": "دفتر سجلات الاستعلام",
  "Raw seed": "بذور خامة",
  "Reasonable": "معقول",
  "Register identity": "تسجيل الهوية",
  "Remove": "مسح",
  "Restore": "إرجاع",
  "Restore JSON": "استرداد ج.سون",
  "Save": "حفظ",
  "Save this backup file in a secure location. Additionally, the password associated with this account is needed together with this backup file in order to restore your account.": ".احفظ ملف النسخ الاحتياطي هذا في مكان آمن.  بالإضافة إلى ذلك، يلزم إضافة كلمة المرور المقترنة بهذا الحساب إلى ملف النسخ الاحتياطي هذا بهدف استعادة حسابك",
  "Saved": "محفوظ",
  "Search for": "البحث عن",
  "Select a contact or paste the address you want to send funds to.": ".حدد جهة اتصال أو الصق العنوان الذي تريد إرسال الأموال إليه",
  "Select the JSON key file that was downloaded when you created the account. This JSON file contains your private key encrypted with your password.": ".حدد ملف المفتاح ج.سون الذي تم تنزيله عند إنشاء الحساب. يحتوي ملف ج.سون هذا على المفتاح الخاص المشفر مع كلمة المرور الخاصة بك",
  "Select the account you wish to recover into this account.": ".حدد الحساب الذي تريد استرداده في هذا الحساب",
  "Send funds": "أرسل الأموال",
  "Send funds from this account": "أرسل الأموال من هذا الحساب",
  "Send funds to this address": "أرسل الأموال إلى هذا العنوان",
  "Set Identity": "تعيين الهوية",
  "Set on-chain identity": "تعيين الهوية على السلسلة",
  "Setup account as recoverable": "إعداد الحساب على أنه قابل للاسترداد",
  "Should the search be case sensitive, e.g if you select \"no\" your search for \"Some\" may return addresses containing \"somE\" or \"sOme\"...": "...\"إذا كان البحث يهتم لحالة الأحرف، على سبيل المثال، إذا حددت \"لا\"، فقد يرجع بحثك عن \"البعض\" عناوين تحتوي على \"بعض\" أو \"بضع",
  "Show address on hardware device": "إظهار العنوان على الجهاز",
  "Since the multisig function like any other account, once created it is available for selection anywhere accounts are used and needs to be funded before use.": ".بما أن وظيفة الدخول  المتعدد مثل أي حساب آخر، فإنه بمجرد إنشائها تصبح متوفرة  للاختيار من أي حساب يتم استخدامه  ويلزم تمويله قبل الاستخدام",
  "Society": "مجتمع",
  "Start generation": "بدأ الإنشاء",
  "Start recovery": "بدأ الإسترداد",
  "Stop generation": "إنهاء الإنشاء",
  "Sudo key": "مفتاح سودو",
  "Supply a backed-up JSON file, encrypted with your account-specific password.": ".قم بتوفير ملف احتياطي ج.سون، مشفّر بكلمة مرور خاصة بحسابك",
  "Technical committee": "اللجنة التقنية",
  "Test account": "اختبار الحساب",
  "The account password as specified when creating the account. This is used to encrypt the backup file and subsequently decrypt it when restoring the account.": ".كلمة مرور الحساب كما هو محدد عند إنشاء الحساب.  يتم استخدامها لتشفير ملف النسخ الاحتياطي وبالتالي فك تشفيره بعد ذلك عند استعادة الحساب",
  "The account you will send funds from.": ".الحساب الذي سترسل منه الأموال",
  "The addresses that are able to approve multisig transactions. You can select up to {{maxHelpers}} trusted addresses.": ".العناوين التي يمكنها الموافقة على المعاملات المتعددة.  يمكنك تحديد ما يصل إلى {{عدد المساعدين الأعلى}} من العناوين الموثوق بها",
  "The addresses that are able to help in recovery. You can select up to {{maxHelpers}} trusted helpers.": ".العناوين التي يمكنها المساعدة في الاسترداد.  يمكنك تحديد حتى {{عدد المساعدين الأعلى}} من المساعدين الموثوق بهم.",
  "The beneficiary will have access to the transferred fees when the transaction is included in a block.": ".سيتمكّن المستفيد من الوصول إلى الرسوم المحولة عند تضمين المعاملة في السلسلة",
  "The call hashes that have not been executed as of yet.": ".أجزاء المكالمة التي لم يتم تنفيذها حتى الآن",
  "The delay between vouching and the availability of the recovered account.": ".التأخير بين توفير الشهادة وتوفير الحساب المسترد",
  "The derivation path allows you to create different accounts from the same base mnemonic.": ".يسمح لك مسار التخميل بإنشاء حسابات مختلفة من نفس الذاكرة الأساسية",
  "The email address associated with this identity.": ".عنوان البريد الإلكتروني المرتبط بهذه الهوية",
  "The existing account password as specified when this account was created or when it was last changed.": ".كلمة مرور الحساب الحالية  كما هو محدد عند إنشاء هذا الحساب أو متى تم تغييره آخر مرة",
  "The helpers should be able to verify, via an off-chain mechanism, that the account owner indeed wishes to recover access and as such provide any approvals. In the cases of malicious recovery procedures, they will have the power to stop it.": "ينبغي على المساعدين أن يكونوا قادرين على التحقق، عن طريق آلية غير متسلسلة، من أن مالك الحساب يرغب بالفعل في استرداد الدخول، وبالتالي تقديم أي موافقات. في حالات إجراءات الاسترداد المغشوشة، سيكون لديهم القدرة على إيقافها.",
  "The legal name for this identity.": ".الاسم القانوني لهذه الهوية",
  "The local name for this account. Changing this does not affect your on-line identity, so this is only used to indicate the name of the account locally.": ".الاسم المحلي لهذا الحساب.  لا يؤثر تغيير هذا الخيار على هويتك على الإنترنت، لذلك يتم استخدام هذا الخيار فقط للإشارة إلى اسم الحساب محليًا",
  "The minimum amount that an account should have to be deemed active": ".الحد الأدنى للمبلغ الذي يجب توفره لاعتبار الحساب نشطًا",
  "The name for this account and how it will appear under your addresses. With an on-chain identity, it can be made available to others.": ".اسم هذا الحساب وكيفية ظهوره أسفل عناوينك.  ومن خلال الهوية المتسلسلة  يصبح من الممكن إتاحته للآخرين",
  "The name is for unique identification of the account in your owner lists.": ".الاسم خاص بالتعريف الفريد للحساب في قوائم المالك الخاصة",
  "The name that will be displayed in your accounts list.": ".الاسم الذي سيتم عرضه في قائمة حساباتك",
  "The new account password. Once set, all future account unlocks will be performed with this new password.": ".كلمة مرور الحساب الجديدة.  بمجرد أن يتم ضبطها، سيتم تحديث كل أقفال الحساب المستقبلية  باستخدام كلمة المرور الجديدة هذه",
  "The password and password confirmation for this account. This is required to authenticate any transactions made and to encrypt the keypair.": ". (كلمة المرور وتأكيد كلمة المرور لهذا الحساب.  هذا مطلوب للمصادقة على أي معاملات تتم وتشفيرالمفتاح الثنائي (الخاص و العام",
  "The password previously used to encrypt this account.": ".كلمة المرور المستخدمة مسبقًا لتشفير هذا الحساب",
  "The password to unlock the selected account.": ".كلمة المرور لفتح الحساب المحدد",
  "The private key for your account is derived from this seed. This seed must be kept secret as anyone in its possession has access to the funds of this account. If you validate, use the seed of the session account as the \"--key\" parameter of your node.": "المفتاح الخاص لحسابك مشتق من هذه البذرة. يجب أن تبقى هذه البذرة  سرية لأن أي شخص في حوزته يمكنه الوصول إلى أموال هذا الحساب. إذا قمت بالتحقق من صحة الأمر، فاستخدم بذرة الحساب كال \"--مفتاح\" لعقدة التوصيل.",
  "The recoverable account is protected against the loss of seed/access by a social process.": ". الحساب الذي يمكن استرداده محمي من فقدان البذرة/الدخول بواسطة عملية اجتماعية",
  "The secret seed value for this account. Ensure that you keep this in a safe place, with access to the seed you can re-create the account.": ".قيمة البذرة السرية لهذا الحساب.  تأكد من الاحتفاظ بهذا في مكان آمن، مع الوصول إلى البذرة يمكنك إعادة إنشاء الحساب",
  "The selected account to perform the derivation on.": ".الحساب المحدد لإجراء الاشتقاق",
  "The signatories has the ability to create transactions using the multisig and approve transactions sent by others.Once the threshold is reached with approvals, the multisig transaction is enacted on-chain.": "الموقعون لديهم القدرة على إنشاء معاملات باستخدام التوقيعات المتعددة الأطراف والموافقة على المعاملات المرسلة من قبل الآخرين. وبمجرد الوصول إلى سقف الموافقات، يتم تنفيذ المعاملة متعددة الأطراف على السلسلة.",
  "The signatory to send the approval/cancel from": "الموقع الذي يرسل الموافقة/الإلغاء",
  "The threshold for approval should be less or equal to the number of signatories for this multisig.": ".ينبغي أن تكون عتبة الموافقة أقل أو مساوية لعدد الموقعين على هذا الاتفاق المتعدد الأطراف",
  "The threshold for approvals and the delay is the protection associated with the account. The delay should be such that any colluding recovery attempts does have a window to stop.": ".الحد الأقصى للموافقات والتأخير هو الحماية المرتبطة بالحساب.  ينبغي أن يكون التأخير إلى الحد الذي يسمح لأي محاولات اختراق بعرض نافذة التوقف",
  "The threshold for this multisig": "عتبة  الاتفاق  المتعدد الأطراف",
  "The threshold of vouches that is to be reached for the account to be recovered.": ".عتبة  الشهادات التي يجب الوصول إليها من أجل استرداد الحساب",
  "The transferred balance will be subtracted (along with fees) from the sender account.": ".سيتم طرح الرصيد المحوَّل (مع الرسوم) من حساب المرسل",
  "The twitter name for this identity.": ".اسم تويتر لهذه الهوية",
  "These are trusted individuals that can verify and approve any recovery actions. With recovery, once the threshold is reached, the funds associated with the account can be moved to a new destination.": ".هؤلاء أفراد موثوق بهم يمكنهم التحقق من أي إجراءات استرداد والموافقة عليها. مع الاسترداد، بمجرد الوصول إلى العتبة ،  يمكن نقل الأموال المرتبطة بالحساب إلى وجهة جديدة",
  "This account is recoverable, with the following friends:": ":يمكن استرداد هذا الحساب مع الأصدقاء التاليين",
  "This password is used to encrypt your private key. It must be strong and unique! You will need it to sign transactions with this account. You can recover this account using this password together with the backup file (generated in the next step).": "يتم استخدام كلمة المرور هذه لتشفير المفتاح الخاص بك. يجب أن يكون قوياً وفريدا! ستحتاج إليه لتوقيع المعاملات في هذا الحساب. يمكنك استرداد هذا الحساب باستخدام كلمة المرور هذه مع ملف النسخ الاحتياطي (الذي سيتم إنشاؤه في الخطوة التالية)",
  "This will apply to any future use of this account as stored on this browser. Ensure that you securely store this new password and that it is strong and unique to the account.": ".ينطبق هذا على أي استخدام مستقبلي لهذا الحساب كما هو مخزن على هذا المتصفح.  تأكد من تخزين كلمة المرور الجديدة هذه بأمان و أنها قوية وفريدة لهذا الحساب",
  "Type here what you would like your address to contain. This tool will generate the keys and show the associated addresses that best match your search. You can use \"?\" as a wildcard for a character.": ". اكتب هنا ما تريد أن يحتوي عليه عنوانك.  ستقوم هذه الأداة بإنشاء المفاتيح وإظهار العناوين المقترنة التي تطابق البحث الخاص بك على أفضل نحو.  يمكنك استخدام \"؟\" كحرف بدلا للحرف غير المعروف",
  "Type the amount you want to transfer. Note that you can select the unit on the right e.g sending 1 milli is equivalent to sending 0.001.": "اكتب المبلغ الذي تريد تحويله.  لاحظ أنه يمكنك تحديد الوحدة على اليمين، على سبيل المثال، إرسال 1 ميلي يعادل إرسال 0.001",
  "Type the name of your contact. This name will be used across all the apps. It can be edited later on.": ".اكتب اسم جهة الاتصال.  سيتم استخدام هذا الاسم في كل التطبيقات. يمكن تغييره لاحقًا",
  "Type the password chosen at the account creation. It was used to encrypt your account's private key in the backup file.": ".اكتب كلمة المرور التي تم اختيارها عند إنشاء الحساب.  تم استخدامها لتشفير المفتاح الخاص لحسابك في ملف النسخ الاحتياطي",
  "Unlock": "فتح",
  "Vanity generator": "مولد الزهو",
  "Verify the password entered above.": ".تحقق من كلمة المرور التي تم إدخالها أعلاه",
  "We will provide you with a generated backup file after your account is created. As long as you have access to your account you can always download this file later by clicking on \"Backup\" button from the Accounts section.": ".سنقدم لك ملف نسخ احتياطي سيتم  توليده بعد إنشاء حسابك.  طالما كان لديك حق الوصول إلى حسابك، يمكنك دائمًا تنزيل هذا الملف لاحقًا بالضغط على الزر \"نسخ احتياطي\" من قسم الحسابات",
  "You can set a custom derivation path for this account using the following syntax \"/<soft-key>//<hard-key>///<password>\". The \"/<soft-key>\" and \"//<hard-key>\" may be repeated and mixed`. The \"///password\" is optional and should only occur once.": ".يمكنك تعيين مسار تخميل مخصص لهذا الحساب باستخدام بناء الجملة التالي \"/المفتاح البرمجي>//مفتاح صلب>//كلمة المرور>\".  يمكن تكرار \"/المفتاح البرمجي>\" و\"//مفتاح صلب>\" ومزجها معا. إن كلمة المرور///اختيارية ويجب أن تحدث مرة واحدة فقط",
  "You don't have any accounts. Some features are currently hidden and will only become available once you have accounts.": ".ليس لديك أي حسابات.  يتم حالياً إخفاء بعض الميزات وستصبح متوفرة فقط عند توفرك على حسابات",
  "You have {{claimCount}} accounts that need attestations. Use the Claim Tokens app on the left navigation bar to complete the process. Until you do, your balances for those accounts will not be reflected.": ".لديك {{مطالبة بعدد}} من الحسابات التي تحتاج إلى شهادات. استخدم تطبيق علامات المطالبة على شريط التنقل الأيسر لإكمال العملية. وإلى أن تفعل ذلك، لن تنعكس الأرصدة الخاصة بك لهذه الحسابات",
  "a riot name linked to this identity": ".اسم لقب مرتبط بهذه الهوية",
  "account forgotten": "تم نسيان الحساب",
  "account restored": "تم استرداد الحساب",
  "accounts": "الحسابات",
  "address": "العنوان",
  "address created": "تم إنشاء العنوان",
  "address edited": "تم تغيير العنوان",
  "address forgotten": "تم نسيان العنوان",
  "amount": "المبلغ",
  "approval type": "نوع الاعتماد",
  "available signatories": "الموقعون المتاحين",
  "available social recovery helpers": "مساعدو الإسترداد الاجتماعي المتاحين",
  "backup file": "ملف النسخ الاحتياطي",
  "balances": "أرصدة",
  "case sensitive": "مهتم لحالة الأحرف",
  "contacts": "جهات الاتصال",
  "created account": "حساب منشأ",
  "created multisig": "إنشاء متعدد الأطراف",
  "delay": "تأخير",
  "deposit": "إيداع",
  "derivation path": "مسار التخميل",
  "derive root account": "اشتقاق جذرالحساب",
  "development seed": "بذرة التنمية",
  "display name": "الإسم المعروض",
  "email": "الايميل",
  "exclude value": "القيمة المستبعدة",
  "existential deposit": "الإيداع  الموجود",
  "filter by name or tags": "التصفية حسب الاسم أو العلامات",
  "identity": "الهوية",
  "include value": "القيمة المضمنة",
  "invalid/unknown registrar account": "\"حساب مسجل  \"غير صالح\"/\"غير معروف",
  "judgement": "الحكم",
  "keypair crypto type": "نوع تشفير ثنائي المفتاح",
  "legal name": "الإسم القانوني",
  "matches": "مطابقات",
  "mnemonic seed": "بذرة ذاكرية",
  "multisig": "متعدد التوقيعات",
  "multisig name": "اسم متعدد التوقيعات",
  "name": "إسم",
  "new account": "حساب جديد",
  "new address": "عنوان جديد",
  "no accounts yet, create or import an existing": "لا توجد حسابات بعد، قم بإنشاء أو استيراد حساب موجود",
  "no addresses saved yet, add any existing address": "لا توجد عناوين محفوظة بعد، أضف أي عنوان موجود",
  "no tags": "لا علامات",
  "parent": "أصل",
  "password": "كلمة مرور",
  "password (repeat)": "(كلمة مرور ( إعادة",
  "pending hashes": "أجزاء معلقة",
  "recover this account": "قم باسترداد هذا الحساب",
  "recovery block delay": "تأخير كتلة الاسترداد",
  "recovery threshold": "استرداد الحد الأقصى",
  "registrar account": "حساب مسجل",
  "registrar index": "مؤشر مسجل",
  "riot": "شغب",
  "riot name": "إسم  دلع/إسم شغب",
  "secret": "سري",
  "secret derivation path": "مسار تخميل سري",
  "seed (hex or string)": "(بذرة (سداسية أو سلسلة",
  "selected signatories": "الموقعون المختارون",
  "send": "أرسل",
  "send from account": "أرسل من حساب",
  "send to address": "أرسل  إلى عنوان",
  "signatories": "الموقعون",
  "signatory": "الموقع",
  "tags": "علامات",
  "the account to make recoverable": "الحساب الذي يجب استرداده",
  "the account to recover to": "الحساب الذي تريد الاسترداد إليه",
  "threshold": "عتبة / سقف",
  "transactions": "تبادلات",
  "transferrable": "قابل للتحويل",
  "trusted social recovery helpers": "مساعدو الإسترجاع الاجتماعي الموثوق بهم",
  "twitter": "تويتر",
  "type": "نوع",
  "web": "ويب",
  "website": "موقع إلكتروني",
  "your current password": "كلمة المرور الحالية",
  "your new password": "كلمة المرور الجديدة"
}