{
  "1. Select your {{chain}} account": "1.{{حدد حساب  {{سلسلتك",
  "2. Enter the ETH address from the sale.": "2. أدخل عنوان إيثيريوم من عملية البيع",
  "2. Sign ETH transaction": "2. توقيع معاملة إيثيريوم",
  "Account balance:": ":رصيد الحساب",
  "Claim": "مطالبة",
  "Confirm claim": "تأكيد المطالبة",
  "Continue": "إكمال",
  "Copy the above string and sign an Ethereum transaction with the account you used during the pre-sale in the wallet of your choice, using the string as the payload, and then paste the transaction signature object below": "انسخ السلسلة أعلاه وقم بتوقيع معاملة إيثريوم مع الحساب الذي استخدمته أثناء عملية البيع المسبق في محفظة من اختيارك، باستخدام السلسلة كحمولة صافية، ثم الصق توقيع المعاملة المذكورة أدناه",
  "Copy the following string and sign it with the Ethereum account you used during the pre-sale in the wallet of your choice, using the string as the payload, and then paste the transaction signature object below:": ":انسخ السلسلة التالية وقم بالتوقيع عليها باستخدام حساب \"أثيريوم\" الذي استخدمته أثناء عملية البيع المسبق في محفظة من اختيارك، باستخدام السلسلة كحمولة صافية، ثم الصق توقيع المعاملة المذكورة أدناه",
  "I agree": "أوافق",
  "Loading": "جاري التحميل",
  "Please read these terms and conditions carefully. By submitting this statement, you are deemed to have accepted these Terms and Conditions. If you do not agree to these terms, please refrain from accessing or proceeding. You can also find them at:": ":يرجى قراءة هذه الشروط والأحكام بعناية.  من خلال إرسال هذا البيان، يُعتبر أنك قد قبلت هذه الشروط والأحكام. إذا لم توافق على هذه الشروط، فيرجى الامتناع عن الدخول أو المتابعة. يمكنك أيضًا العثور عليها في",
  "Pre-sale ethereum address": "عنوان إيثيريوم مسبق البيع",
  "Redeem": "استرجاع",
  "The account you want to claim to.": ".الحساب الذي تريد المطالبة به",
  "The the Ethereum address you used during the pre-sale (starting by \"0x\")": "(\"0x\"عنوان إيثريوم الذي استخدمته أثناء فترة ما قبل البيع (بدءًا من",
  "This Ethereum address does not have a claim.": "لا يشتمل عنوان \"إيثيروم\" هذا على المطالبة",
  "Warning: we did not find any attest statement for {{chain}}": "{{تحذير: لم نعثر على أي بيان يشهد لـهذه {{السلسلة",
  "We found a pre-claim with this Polkadot address. However, attesting requires signing with this account. To continue with attesting, please add this account as an owned account first.": ".وجدنا مطالبة مسبقة بعنوان بولكدوت هذا. ومع ذلك، تتطلب المصادقة التوقيع باستخدام هذا الحساب.  لمتابعة عملية التحقق، يرجى إضافة هذا الحساب كحساب مملوك أولاً.",
  "You need to sign an attestation for the following account:": ":يجب أن توقع شهادة للحساب التالي",
  "You need to sign an attestation for the following accounts:": ":يجب أن توقع شهادة للحسابات التالية",
  "Your Ethereum account": "حساب إيثيريوم الخاص بك",
  "claim to account": "مطالبة للحساب",
  "click to copy": "انقر للنسخ",
  "copied": "منقول",
  "does not appear to have a valid claim. Please double check that you have signed the transaction correctly on the correct ETH account.": ".لا يبدو أن لديك مطالبة صالحة.  يرجى التحقق من أنك وقعت المعاملة بشكل صحيح على حساب إيثيريوم المناسب",
  "has a valid claim for": "لديك مطالبة صالحة لـ",
  "{{step}}. Sign with your ETH address": "{{قم بتسجيل الدخول باستخدام عنوان إيثيريوم الخاص بك {{خطوة"
}