{
  "Cancel slashes": "إلغاء الخطوط المائلة",
  "Close": "إغلاق",
  "Close proposal": "إغلاق الاقتراح",
  "Council overview": "نظرة عامة على المجلس",
  "Current prime member, default voting": "عضو رئيسي حالي، التصويت التلقائي",
  "In calculating the election outcome, this prioritized vote ordering will be used to determine the final score for the candidates.": ".عند حساب نتيجة الانتخابات، سيتم استخدام أولوية  أمر التصويت لتحديد النتيجة النهائية للمرشحين",
  "Motions ({{count}})": "({{الحركات ({{احسب",
  "No candidates found": "لم يتم العثور على مرشحين",
  "No council motions": "لا توجد التماسات من المجلس",
  "No members found": "لم يتم العثور على أعضاء",
  "No runners up found": "لم يتم العثور على أي عدّائين",
  "Positive number between 1 and {{memberCount}}": "{{عدد موجب بين 1 و {{عدالعضو",
  "Propose": "مقترح",
  "Propose a council motion": "اقترح التماس من المجلس",
  "Propose external": "اقتراح خارجي",
  "Propose external (majority)": "(اقتراح خارجي (الأغلبية",
  "Propose motion": "اقترح حركة",
  "Revert": "استرجاع",
  "Revert pending slashes": "إرجاع الألواح المائلة المعلقة",
  "Select and order council candidates you wish to vote for.": ".حدد المرشحين الذين ترغب في التصويت لصالحهم  وقم بطلب ترشيحهم",
  "Select the account you wish close the proposal with.": ".حدد الحساب الذي تريد إغلاق العرض به",
  "Select the account you wish to make the proposal with.": ".حدد الحساب الذي تريد تقديم العرض معه",
  "Select the account you wish to submit for candidacy.": ".حدد الحساب الذي ترغب في إرساله للترشيح",
  "Submit candidacy": "تقديم الترشيح",
  "Submit your council candidacy": "اعرض ترشيحك للمجلس",
  "The actual proposal to make, based on the selected call and parameters thereof.": ".الاقتراح الفعلي الذي يجب طرحه، استناداً إلى المكالمة المحددة  والإعدادات الموجودة",
  "The council account for the proposal. The selection is filtered by the current members.": ".يضع المجلس بيانا للاقتراح.  تتم تصفية التحديد من طرف الأعضاء الحاليين",
  "The council account for this vote. The selection is filtered by the current members.": ".يطرح المجلس هذا التصويت.  تتم تصفية التحديد من طرف  الأعضاء الحاليين",
  "The council account that will apply the close for the current round.": ".حساب المجلس الذي سيطبق الإغلاق في الجولة الحالية",
  "The desired threshold. Here set to a default of 50%+1, as applicable for general proposals.": ".السقف المطلوب.  يتم تعيين هذا الخيار كقيمة  تلقائية 50%+1،  كما ينطبق على الاقتراحات العامة",
  "The hash of the proposal image, either already submitted or valid for the specific call.": ".تجزئة الصورة المعروضة، إما مُطبقة بالفعل أو صالحة للمكالمة المحددة",
  "The minimum number of council votes required to approve this motion": "الحد الأدنى لعدد أصوات المجلس المطلوبة للموافقة على هذا الاقتراح",
  "The preimage hash of the proposal": "تجزئة الصورة الأولية للمقترح",
  "The proposal that is being voted on. It will pass when the threshold is reached.": ".الاقتراح الذي يجري التصويت عليه.  سوف يمر عند بلوغ العتبة",
  "The proposal that will be affected. Once closed for the current voting round, it would need to be re-submitted to council for a subsequent voting round.": ".الاقتراح الذي سيتأثر.  وبمجرد أن يتم إغلاقه لجولة التصويت الحالية، فسوف يكون من الضروري إعادة عرضه على المجلس لجولة تصويت تالية",
  "The specific eras on which there are unapplied slashes. For each era a separate proposal is to be made.": ".العصور الخاصة التي لا تطبق عليها خطوط مائلة.  يتعين تقديم اقتراح منفصل لكل عصر",
  "The unapplied slashed era to cancel.": ". إلغاء عصر الخطوط المائلة غير المعمول بها",
  "The value associated with this vote. The amount will be locked (not available for transfer) and used in all subsequent elections.": ".القيمة المرتبطة بهذا التصويت.  سيتم تأمين المبلغ (غير متوفر للتحويل) واستخدامه في جميع الانتخابات اللاحقة",
  "The vote to record for this proposal, either for or against.": ".التصويت على تسجيل هذا الاقتراح، إما لصالحه أو ضده",
  "The vote will be recorded for the selected account.": ".سيتم تسجيل التصويت للحساب المحدد",
  "The votes for the members, runner-ups and candidates. These should be ordered based on your priority.": ".الأصوات للأعضاء، النواب والمرشحين.  يجب ترتيب هذه الأمور بناءً على أولوياتك",
  "This account will appear in the list of candidates. With enough votes in an election, it will become either a runner-up or a council member.": ".سيظهر هذا الحساب في قائمة المرشحين.  وبالعدد الكافي من الأصوات في الانتخابات، فإنها سوف تصبح إما نائباً أو عضواً في المجلس",
  "This account will be use to approve each candidate.": ".سيتم استخدام هذا الحساب للموافقة على كل مرشح",
  "Vote": "تصويت",
  "Vote for current candidates": ".صوت للمرشحين الحاليين",
  "Vote on proposal": "التصويت على الاقتراح",
  "You are voting with this collective's prime account. The vote will be the default outcome in case of any abstentions.": ".أنت مصوت بحساب الجمعية الأساسي هذا.  سوف يكون التصويت النتيجة التلقائية في حالة امتناع أي عضو عن التصويت",
  "aye": "آي",
  "backing": "دعم",
  "candidate account": "حساب المرشح",
  "candidates": "المرشحين",
  "council candidates": "مرشحو المجلس",
  "era {{era}}, {{count}} slashes": "عصر{{عصر}}،  {{عد}} خطوط مائلة",
  "members": "أعضاء",
  "motions": "التماسات",
  "my ordered votes": "أصواتي التي أمرت بها",
  "nay": "كلا",
  "no unapplied slashes found": "لم يتم العثور على أي  خطوط  مائلة غير مطبقة",
  "preimage hash": "تجزئة الصورة الأصلية",
  "prime voter": "الناخب الرئيسي",
  "proposal": "مقترح",
  "propose from account": "اقتراح من الحساب",
  "runners up": "النواب الثانويون",
  "seats": "مقاعد",
  "sending account": "جارٍ إرسال الحساب",
  "term progress": "مدى التقدم",
  "the era to cancel for": "عصر الإلغاء لأجله",
  "threshold": "عتبة",
  "voting account": "حساب التصويت",
  "voting end": "انتهاء التصويت",
  "voting round": "جولة التصويت"
}