{
  "A controller account should not be set to manages multiple stashes. The selected controller is already controlling {{stashId}}": "{{يجب عدم تعيين حساب وحدة التحكم لإدارة وحدات تخزين متعددة. تتحكم وحدة التحكم المحددة بالفعل في {{تعريف وحدة التخزين",
  "A controller account should not map to another stash. This selected controller is a stash, controlled by {{bondedId}}": "{{يجب ألا يتم تعيين حساب وحدة التحكم إلى عنصر آخر. وحدة التحكم المحددة هذه هي وحدة تخزين، يتم التحكم بها بواسطة {{تعريف الرهن",
  "Account actions": "إجراءات الحساب",
  "Active nominations ({{count}})": "({{الترشيحات النشطة ({{عد",
  "All rewards will go towards the selected output destination when a payout is made.": ".سيتم توجيه كل المكافآت إلى وجهة الإخراج المحددة عند إجراء دفع مقابل",
  "All the listed validators and all their nominators will receive their rewards.": ".سيتلقى كل القائمين على التحقق وكل المرشحين من صحة البرنامج مكافآتهم",
  "Amount to add to the currently bonded funds. This is adjusted using the available funds on the account.": ".المبلغ الذي يجب إضافته إلى الأموال المرهونة حالياً. يتم تعديل ذلك باستخدام الأموال المتوفرة على الحساب",
  "Any account can request payout for stakers, this is not limited to accounts that will be rewarded.": ".يمكن لأي حساب طلب دفع مقابل المصادقين على الصحة، ولا يقتصر ذلك على الحسابات التي سيتم مكافأتها",
  "Aura": "هالة",
  "Babe": "(عزيزي(تي",
  "Bond": "الرهن",
  "Bond & Nominate": "الرهن والترشيح",
  "Bond & Validate": "الرهن والتحقق من الصحة",
  "Bond more": "المزيد من الروابط",
  "Bond more funds": "زيادة رهون الأموال",
  "Bonding Preferences": "تفضيلات الرهن",
  "Change controller account": "تغيير حساب وحدة التحكم",
  "Change reward destination": "تغيير وجهة المكافأة",
  "Change session keys": "تغيير مفاتيح الحساب",
  "Change validator preferences": "تغيير تفضيلات المتحقق من الصحة",
  "Changing the key only takes effect at the start of the next session. The input here is generates from the author_rotateKeys command": "لا يصبح تغييرالمفتاح نافذ المفعول إلا في بداية فتح الجلسة التالية.  يتم إنشاء الإدخال هنا من الأمر المفاتيح_الدوارة_للكاتب",
  "Constants": "ثوابت",
  "Display overview information for the selected validator, including blocks produced.": ".عرض معلومات النظرة العامة للمتحقق المحدد، بما في ذلك الكتل التي تم إنتاجها",
  "Distinct stash and controller accounts are recommended to ensure fund security. You will be allowed to make the transaction, but take care to not tie up all funds, only use a portion of the available funds during this period.": ".يوصى باستخدام حسابات تخزين ومراقبات متفرقة لضمان أمن الصناديق. سيُسمح لك بإجراء المعاملة، ولكن احرص على عدم ربط كل الأموال، استخدم فقط جزءًا من الأموال المتوفرة خلال هذه الفترة",
  "Ensure that not all funds are locked, funds need to be available for fees.": ".ضمان عدم قفل كل الأموال، يجب توفير الأموال مقابل الرسوم",
  "Filter available candidates based on name, address or short account index.": ".قم بتصفية المرشحين المتاحين استنادًا إلى الاسم , العنوان أو المؤشرالقصيرللحساب",
  "For fund security, your session key should not match your stash key.": ".بالنسبة إلى أمن الصناديق، يجب ألا يتطابق مفتاح الجلسة مع مفتاح التخزين",
  "Grandpa": "جد",
  "I'm Online": "أنا متصل",
  "Inactive nominations ({{count}})": "({{الترشيحات غير النشطة ({{عد",
  "Inject Keys": "ضخ المفاتيح",
  "Inject session keys (advanced)": "(ضخ مفاتيح الجلسات (متقدم",
  "Keys from rotateKeys": "مفاتيح من المفاتيح الدوارة",
  "New stake": "حصة جديدة",
  "No active validators found": "لم يتم العثور على أدوات تحقق نشطة",
  "No active validators to check": "لا توجد أدوات تحقق نشطة لتحديدها",
  "No funds staked yet. Bond funds to validate or nominate a validator": ".لم يتم التحقق من أي أموال بعد. قم برهن الأموال للتحقق من صحة أو تعيين جهة التحقق",
  "No pending era payouts from validators": "لا توجد دفعات معلقة لعصر من القائمين على التحقق",
  "No pending payouts for your stashes": "لا توجد دفعات معلقة لتخزيناتك",
  "No waiting validators found": "لم يتم العثور على متحققين في الانتظار",
  "Nominate": "ترشيح",
  "Nominate Validators": "تسمية المتحققين",
  "Nominate selected": "تم تحديد التسمية",
  "Nominate validators": "تعيين جهات التحقق",
  "Nominations ({{count}})": "({{الترشيحات  ({{عد",
  "Nominator": "مرشح",
  "Nominators can be selected automatically based on the current on-chain conditions or supplied manually as selected from the list of all currently available validators. In both cases, your favorites appear for the selection.": ".يمكن تحديد جهات الترشيح تلقائيًا استنادًا إلى الظروف الحالية على السلسلة أو إمدادها يدويًا كما هو محدد من قائمة كافة أدوات التحقق المتوفرة حاليًا.  في كلتا الحالتين، تظهر مفضلاتك للتحديد",
  "Once bonded, it wil need to be unlocked/withdrawn and will be locked for at least the bonding duration.": ". بمجرد الرهن، يجب إلغاء قفله/سحبه وقفله لمدة لا تقل عن مدة الرهن",
  "Once transmitted the new selection will only take effect in 2 eras since the selection criteria for the next era was done at the end of the previous era. Until then, the nominations will show as inactive.": ".بمجرد انتقال الاختيار الجديد فسوف يصبح نافذا في عصرين فقط منذ تم تنفيذ معايير الاختيار في العصر التالي في نهاية العصر السابق. وحتى ذلك الحين، ستظهر الترشيحات على أنها غير نشطة",
  "One of your available nomination accounts, keyed by the stash. The transaction will be sent from the controller.": ".أحد حسابات الترشيح المتاحة الخاصة بك، والذي يقوم بفتح التخزين. سيتم إرسال المعاملة من وحدة التحكم",
  "Parachains": "الكتل الموازية",
  "Payout": "دفع",
  "Payout all": "الدفع للكل",
  "Payout all stakers": "توزيع الأرباح لكل المتحققين",
  "Raw storage": "تخزين أولي",
  "Reassign": "إعادة التعيين",
  "Retrieving info for all applicable eras, this will take some time": "ستستغرق عملية استرداد المعلومات لكل العصور القابلة للتطبيق بعض الوقت",
  "Rewards (once paid) can be deposited to either the stash or controller, with different effects.": ".يمكن إيداع المكافآت (بمجرد دفعها) إما في التخزين أو في وحدة التحكم، مع تأثيرات مختلفة",
  "Select best": "حدد الأفضل",
  "Select targets manually (no auto-selection based on current profitability)": "(تحديد الأهداف يدويًا (لا يتم التحديد التلقائي استنادًا إلى الربحية الحالية",
  "Session Key": "مفتاح الجلسة",
  "Set Session Key": "اضبط مفتاح الجلسة",
  "Set controller": "تعيين وحدة التحكم",
  "Set nominees": "تعيين المرشحين",
  "Set reward destination": "تعيين وجهة المكافأة",
  "Set sudo key": "تعيين مفتاح سودو",
  "Set validator preferences": "تعيين تفضيلات التحقق",
  "Setup Nominator {{step}}/{{NUM_STEPS}}": "{{إعداد المرشِّح {{خطوة}}/ {{عدد _الخطوات",
  "Setup Validator {{step}}/{{NUM_STEPS}}": "{{إعداد المتحقق{{خطوة}}/ {{عدد _الخطوات",
  "Since this transaction deals with funding, the stash account will be used.": ".بما أن هذه المعاملة تتعامل مع التمويل، فسيتم استخدام حساب التخزين",
  "Staking overview": "نظرة عامة على صحة التحقق",
  "Stash": "تخزين",
  "Stop": "قف",
  "Storage": "تخزين",
  "Submit Sudo": "أرسل  سودو",
  "Submit key": "تطبيق المفتاح",
  "Sudo access": "دخول سودو",
  "Targets": "أهداف",
  "The Threshold must be a positive number": "يجب أن يكون الحد رقماً موجباً",
  "The Threshold must lower than 11": "يجب أن يكون السقف أصغر من 11",
  "The UI puts a limit of 40 payouts at a time, where each payout is a single validator for a single era.": ".تضع واجهة المستخدم الحد في 40 حصة دفع في كل مرة، حيث يكون كل دفع هو صالح لمتحقق واحد لعصر واحد",
  "The amount of funds to unbond, this is adjusted using the bonded funds on the stash account.": ".مبلغ الأموال المراد إلغاء رهنها، يتم تعديل هذا المبلغ باستخدام الأموال المربوطة في الحساب المُخزن",
  "The amount placed at-stake should be no more that 95% of your available amount to protect against slashing events.": ".لا ينبغي أن يكون المبلغ الذي تم وضعه على الرهان أكثر من 95% من المبلغ المتاح لك للحماية من حوادث التقريع",
  "The amount that will be used on a per-validator basis to calculate profits for that validator.": ".المبلغ الذي سيتم استخدامه على أساس كل تحقق من الصحة لحساب الأرباح الخاصة بهذا المسؤول عن التحقق",
  "The auto-selection is done on the current profitability of the validators taking your favorites into account. It is adjusted based on the commission and current range of backing for the validator. The calculation may and will change over time, so it is rather a selection based on the current state of the network, not a predictor of future profitability.": ".يتم الاختيار التلقائي على الربحية الحالية للقائمين على التحقق من صحة الحساب مع أخذ مفضلاتك في الاعتبار. ويتم تعديلها بناءً على العمولة والنطاق الحالي للدعم الخاص بالقائم بالمصادقة. قد تتغير الحسابات مع مرور الوقت، لذا فهي عبارة عن اختيار يستند إلى الحالة الحالية للشبكة وليس إلى التوقعات الربحية المستقبلية",
  "The bonding duration for any staked funds. After this period needs to be withdrawn.": ".مدة الترابط لأي أموال مرهونة. وبعد هذه الفترة يتعين سحبها",
  "The bonding duration for any staked funds. Needs to be unlocked and withdrawn to become available.": ".مدة الترابط لأي أموال مرهونة. يجب إلغاء قفلها وسحبها لتصبح متوفرًة",
  "The commission is deducted from all rewards before the remainder is split with nominators.": ".يتم خصم العمولة من جميع المكافآت قبل تقسيم الباقي مع المترشيحن",
  "The controller is the account that is be used to control any nominating or validating actions. I will sign this transaction.": ".وحدة التحكم هي الحساب الذي يتم استخدامه للتحكم في أي إجراءات ترشيح أو التحقق من الصحة. سأقوم بالتوقيع على هذه المعاملة",
  "The controller is the account that will be used to control any nominating or validating actions. Should not match another stash or controller.": ".وحدة التحكم هي الحساب الذي سيتم استخدامه للتحكم في أي إجراءات ترشيح أو التحقق من الصحة. يجب ألا يتطابق مع وحدة تخزين أو وحدة تحكم أخرى",
  "The destination account for any payments as either a nominator or validator": "حساب الوجهة لأي دفعات كمرشح أو جهة تحقق",
  "The funds will only be available for withdrawal after the unbonding period, however will not be part of the staked amount after the next validator election. You can follow the unlock countdown in the UI.": ".لن تكون الأموال متاحة للسحب إلا بعد فترة الترابط، ولكن لن تكون جزءاً من المبلغ المرهون  بعد الانتخابات التالية التي يتم التحقق منها. يمكنك متابعة العد التنازلي لإلغاء القفل في واجهة المستخدم",
  "The hex output from author_rotateKeys, as executed on the validator node. The keys will show as pending until applied at the start of a new session.": ".المخرج سداسي عشري من كاتب_المفاتيح_الدوارة  ، كما تم تنفيذه على عقدة التحقق. ستظهر المفاتيح كمعلقة حتى يتم تطبيقها في بداية جلسة جديدة",
  "The key type and crypto type to use for this key. Be aware that different keys have different crypto requirements. You should be familiar with the type requirements for the different keys.": ".نوع المفتاح ونوع التشفير الذي يجب استخدامه لهذا المفتاح. انتبه إلى أن المفاتيح المختلفة لها متطلبات تشفير مختلفة. يجب أن تكون على دراية بنوع المتطلبات للمفاتيح المختلفة",
  "The percentage reward (0-100) that should be applied for the validator": "مكافأة النسبة المئوية (0-100) التي يجب تطبيقها على المتحقق من الصحة",
  "The seed and derivation path will be submitted to the validator node. this is an advanced operation, only to be performed when you are sure of the security and connection risks.": ".سيتم إرسال البذور ومسار الاشتقاق إلى عقدة أداة التحقق. هذه عملية متقدمة، يجب تنفيذها فقط عندما تكون متأكداً من مخاطر الأمان والاتصال",
  "The selected controller tied to this stash. Once set, this account will be able to control the actions performed by the stash account.": ".وحدة التحكم المحددة المرتبطة بهذه المخزنة.  بمجرد أن يتم الضبط، سيتمكن هذا الحساب من التحكم في الإجراءات التي يتم تنفيذها بواسطة الحساب المُخزن",
  "The selected validators to nominate, either via the \"currently best algorithm\" or via a manual selection.": ".يتم تحديد وحدات التحقق من الصحة التي سيتم ترشيحها، إما عبر \"أفضل خوارزمية حاليًا\" أو عبر تحديد يدوي",
  "The specified value is greater than your free balance. The node will bond the maximum amount available.": ".القيمة المحددة أكبر من الرصيد الحر. ستقوم العقدة بربط الحد الأقصى للمبلغ المتوفر",
  "The stash account that is used. This will allow the controller to perform all non-funds related operations on behalf of the account.": ".الحساب المُخزن المستخدم.  سيسمح ذلك للمراقب بتنفيذ جميع العمليات غير المرتبطة بالأموال بالنيابة عن الحساب",
  "The stash and controller pair as linked. This operation will be performed via the controller.": ".زوج وحدة التحكم والتخزين على أنه متصل. سيتم تنفيذ هذه العملية عبر وحدة التحكم",
  "The stash and controller pair, here the controller will be used to send the transaction.": "زوج وحدة التحكم والتخزين, سيتم استخدام  وحدة التحكم  هنا لإرسال المعاملة",
  "The stash and controller pair. This transaction, managing preferences, will be sent from the controller.": ".زوج وحدة التحكم والتخزين  . سيتم إرسال هذه المعاملة، إدارة التفضيلات، من وحدة التحكم",
  "The stash and controller pair. This transaction, setting the session keys, will be sent from the controller.": ".زوج وحدة التحكم والتخزين . سيتم إرسال هذه المعاملة، التي تقوم بتعيين مفاتيح الجلسة، من وحدة التحكم",
  "The stash that is to be affected. The transaction will be sent from the associated controller account.": ".التخزين الذي يجب أن يتأثر. سيتم إرسال المعاملة من حساب وحدة التحكم المرتبط",
  "The total amount of the stash balance that will be at stake in any forthcoming rounds (should be less than the free amount available)": "(المبلغ الإجمالي للرصيد المتبقي الذي سيكون على المحك في أي جولات مقبلة (ينبغي أن يكون أقل من المبلغ المتاح",
  "The total amount of the stash balance that will be at stake in any forthcoming rounds (should be less than the total amount available)": "(المبلغ الإجمالي للرصيد المتبقي الذي سيوضع على المحك في أي جولات مقبلة (ينبغي أن يكون أقل من المبلغ الإجمالي المتاح",
  "The unchecked weight as specified for the sudoUncheckedWeight call.": ".الوزن غير المؤكد كما هو محدد لمكالمة سودو الغيرالمتحققة من الوزن",
  "There is currently an ongoing election for new validator candidates. As such staking operations are not permitted.": ".هناك حاليا انتخابات جارية لمرشحين جدد  من التحقق. وبالتالي، لا يُسمح بعمليات الرهان هذه",
  "Think of the stash as your cold wallet and the controller as your hot wallet. Funding operations are controlled by the stash, any other non-funding actions by the controller itself.": ".فكّر في التخزين على أنه محفظتك الباردة وفي أداة التحكم كمحفظتك الساخنة. عمليات التمويل خاضعة للرقابة من طرف المُخزن، وأي إجراءات أخرى غير التمويل يتم مراقبتها من المراقب ذاته",
  "This operation will submit the seed via an RPC call. Do not perform this operation on a public RPC node, but ensure that the node is local, connected to your validator and secure.": ".ستسلم هذه العملية البذورعبراستدعاء إجراء مكالمة عن بُعد. لا تقم بإجراء هذه العملية على عقدة استدعاء إجراء عن بُعدعامة، ولكن تأكد من أن العقدة محلية ومتصلة بالمتحقق وأمنة",
  "This pubic key is what will be visible in your queued keys list. It is generated based on the seed and the crypto used.": ".هذا المفتاح العام هو ما سيكون مرئياً في قائمة مفاتيح قائمة الانتظار.  يتم إنشاؤه استنادًا إلى البذرة والتشفرة المستخدمة",
  "To ensure optimal fund security using the same stash/controller is strongly discouraged, but not forbidden.": ".لضمان الحصول على أفضل أمن للتمويل باستخدام نفس وحدة التحكم/وحدة التخزين، يتم تثبيط هذا الأمان بشدة، ولكنه لا يمنع استخدامه",
  "Unbond": "غير مرتبط",
  "Unbond funds": "صناديق السندات",
  "Use an automatic selection of the currently most profitable validators": "استخدم مجموعة مختارة تلقائية من أدوات التحقق الأكثر ربحًا حاليًا",
  "Validate": "تصادق",
  "Validator": "المتحقق",
  "Validator stats": "إحصائيات التحقق",
  "Waiting": "في الإنتطار",
  "Waiting nominations ({{count}})": "({{بانتظار الترشيحات ({{عد",
  "You do not have access to the current sudo key": "ليس لديك حق الوصول إلى مفتاح سودو الحالي",
  "You will no longer have sudo access": "لن يكون لديك حق الوصول إلى إذن الدخول سودو",
  "Your stash account. The transaction will be sent from the associated controller.": ".حسابك المُخزن . سيتم إرسال المعاملة من المراقب المرتبط",
  "additional bonded funds": "أموال مرتبطة إضافية",
  "amount to use for estimation": "المبلغ الذي يجب استخدامه للتقدير",
  "auto-selected targets for nomination": "أهداف محددة تلقائيًا للترشيح",
  "available": "متاح",
  "average": "معدل",
  "balance": "رصيد",
  "bonded": "مرتبط",
  "candidate accounts": "حسابات المرشحين",
  "commission": "لجنة",
  "controller": "مراقب",
  "controller account": "حساب وحدة التحكم",
  "crypto type to use": "نوع التشفير الذي يجب استخدامه",
  "ed25519, Edwards": "ed25519، إدواردز",
  "elected stake": "حصة منتخبة",
  "era points": "نقاط العصر",
  "eras": "عصور",
  "filter by name, address or index": "التصفية حسب الاسم أو العنوان أو المؤشر",
  "generated public key": "إنشاء مفتاح عام",
  "hex-encoded storage key": "مفتاح تخزين مشفر سداسي",
  "intentions": "نوايا",
  "key type to set": "نوع المفتاح الذي تريد تعيينه",
  "last #": "أخير#",
  "last block": "الكتلة الأخيرة",
  "last reward": "المكافأة الأخيرة",
  "next": "التالي",
  "nominated accounts": "الحسابات المرشحة",
  "nominators": "مرشحين",
  "on-chain bonding duration": "مدة الربط على السلسلة",
  "other stake": "حصة أخرى",
  "own stake": "حصّة خاصة",
  "payment destination": "وجهة الدفع",
  "payout stakers for (multiple)": "(شركات توزيع الأرباح لـ (متعددة",
  "payout stakers for (single)": "(شركات توزيع الأرباح لـ (متفرد",
  "payout/stash": "دفع/تخزين",
  "payout/validator": "الدفع/التحقق",
  "points": "نقط",
  "prev": "سابق",
  "priority {{index}}": "{{الأولوية {{مؤشر",
  "profit/era est": "الربح/العصر",
  "request payout from": "طلب الدفع من",
  "reward commission percentage": "نسبة عمولة المكافأة",
  "rewards": "المكافآت",
  "rewards & slashes": "المكافآت والخطوط المائلة",
  "selected constant query": "استعلام ثابت محدد",
  "selected state query": "استعلام الحالة المحدد",
  "selected validators": "أدوات التحقق المحددة",
  "sr15519, Schnorrkel": "sr15519، سكنوركل",
  "staked": "مرهون",
  "stash account": "تخزين الحساب",
  "stashes": "التخزينات",
  "submit the following change": "أرسل التغيير التالي",
  "sudo key": "مفتاح سودو",
  "sudo with unchecked weight parameter": "سودو مع وزن غير محدد الإعداد",
  "sudo without unchecked weight parameter": "سودو دون  وزن غير محدد الإعداد",
  "suri (seed & derivation)": "(سوري (البذرة  والإشتقاق",
  "the associated controller": "وحدة التحكم ذات الصلة",
  "the stash account to nominate with": "الحساب المُخزن الذي تريد ترشيحه",
  "total issuance": "إجمالي الإصدار",
  "total stake": "إجمالي الرهن",
  "total staked": "إجمالي المرهون",
  "unbond amount": "مبلغ إلغاء الربط",
  "unchecked weight for this call": "وزن غير محدد لهذه المكالمة",
  "validator to query": "التحقق من صحة الاستعلام",
  "validators": "المتحققين",
  "validators/nominators": "أدوات التحقق/جهات الترشيح",
  "value bonded": "القيمة المربوطة",
  "waiting": "في الإنتطار",
  "{{count}} own stashes": "{{التخزينات الخاصة {{عد",
  "{{currency}} average": "{{متوسط  {{العملة",
  "{{currency}} clipped": "{{تم قطع  {{العملة",
  "{{currency}} rewards": "{{المكافآت {{العملة",
  "{{currency}} slashed": "{{تم خفض {{العملة",
  "{{currency}} total": "{{الإجمالي {{العملة"
}