{
  "1 day": "يوم واحد",
  "1 hr": "ساعة واحدة",
  "1 min": "دقيقة واحدة",
  "1 s": "ثانية واحدة",
  "<empty>": "<فارغ>",
  "A controller account should not be set to manages multiple stashes. The selected controller is already controlling {{stashId}}": "{{يجب عدم تعيين حساب وحدة التحكم لإدارة وحدات تخزين متعددة. تتحكم وحدة التحكم المحددة بالفعل في {{تعريف وحدة التخزين",
  "A controller account should not map to another stash. This selected controller is a stash, controlled by {{bondedId}}": "{{يجب ألا يتم تعيين حساب وحدة التحكم إلى عنصر آخر. وحدة التحكم المحددة هذه هي وحدة تخزين، يتم التحكم بها بواسطة {{تعريف الرهن",
  "A reason (to be stored-on-chain) as to why the recipient deserves a tip payout.": ".سبب (تخزين على السلسلة) يبرر أن المتلقي يستحق دفع مقابل مالي",
  "Acceptance proposal to council": "قبول اقتراح مقدم إلى المجلس",
  "Account actions": "إجراءات الحساب",
  "Active nominations ({{count}})": "({{الترشيحات النشطة ({{عد",
  "Add item": "أضف شيئا",
  "All rewards will go towards the selected output destination when a payout is made.": ".سيتم توجيه كل المكافآت إلى وجهة الإخراج المحددة عند إجراء دفع مقابل",
  "All the listed validators and all their nominators will receive their rewards.": ".سيتلقى كل القائمين على التحقق وكل المرشحين من صحة البرنامج مكافآتهم",
  "Allocate a suggested tip amount. With enough endorsements, the suggested values are averaged and sent to the beneficiary.": ".تخصيص مبلغ تلميح مقترح.  مع وجود عدد كافٍ من المصادقات، يتم حساب متوسط القيم المقترحة وإرسالها إلى المستفيد",
  "Amount to add to the currently bonded funds. This is adjusted using the available funds on the account.": ".المبلغ الذي يجب إضافته إلى الأموال المرهونة حالياً. يتم تعديل ذلك باستخدام الأموال المتوفرة على الحساب",
  "Any account can request payout for stakers, this is not limited to accounts that will be rewarded.": ".يمكن لأي حساب طلب دفع مقابل المصادقين على الصحة، ولا يقتصر ذلك على الحسابات التي سيتم مكافأتها",
  "Approved": "محقق",
  "As a council member, you can suggest an initial value for the tip, each other council member can suggest their own.": ".كعضو في المجلس، يمكنك أن تقترح قيمة أولية للجائزة، ويمكن أن يقترح كل عضو آخر من أعضاء المجلس قيمة أخرى",
  "Aura": "هالة",
  "Aye": "نعم",
  "Aye, I approve": "نعم ,أنا أوافق",
  "Babe": "(عزيزي(تي",
  "Bond": "الرهن",
  "Bond & Nominate": "الرهن والترشيح",
  "Bond & Validate": "الرهن والتحقق من الصحة",
  "Bond more": "المزيد من الروابط",
  "Bond more funds": "زيادة رهون الأموال",
  "Bonding Preferences": "تفضيلات الرهن",
  "Cancel": "إلغاء",
  "Change controller account": "تغيير حساب وحدة التحكم",
  "Change reward destination": "تغيير وجهة المكافأة",
  "Change session keys": "تغيير مفاتيح الحساب",
  "Change validator preferences": "تغيير تفضيلات المتحقق من الصحة",
  "Changing the key only takes effect at the start of the next session. The input here is generates from the author_rotateKeys command": "لا يصبح تغييرالمفتاح نافذ المفعول إلا في بداية فتح الجلسة التالية.  يتم إنشاء الإدخال هنا من الأمر المفاتيح_الدوارة_للكاتب",
  "Close": "إغلاق",
  "Close proposal": "اقتراح إغلاق",
  "Committee prime member, default voting": "عضو رئيسي باللجنة، التصويت التلقائي",
  "Confirm account removal": "تأكيد إزالة الحساب",
  "Confirm address removal": "تأكيد إزالة العنوان",
  "Confirm code removal": "تأكيد إزالة الكود",
  "Confirm contract removal": "تأكيد إزالة العقد",
  "Constants": "ثوابت",
  "Crypto not detected": "لم يتم اكتشاف تشفير",
  "Cryptography used to create this signature. It is auto-detected on valid signatures.": ".التشفير المستخدم لإنشاء هذا التوقيع. يتم الكشف تلقائيًا على التواقيع الصحيحة",
  "Details": "تفاصيل",
  "Detection on the input string to determine if it is hex or non-hex.": ".اكتشاف سلسلة الإدخال لتحديد ما إذا كانت سداسية عشرية أو غير سداسية عشرية",
  "Dismiss all notifications": "استبعاد كل الإشعارات",
  "Display overview information for the selected validator, including blocks produced.": ".عرض معلومات النظرة العامة للمتحقق المحدد، بما في ذلك الكتل التي تم إنتاجها",
  "Distinct stash and controller accounts are recommended to ensure fund security. You will be allowed to make the transaction, but take care to not tie up all funds, only use a portion of the available funds during this period.": ".يوصى باستخدام حسابات تخزين ومراقبات متفرقة لضمان أمن الصناديق. سيُسمح لك بإجراء المعاملة، ولكن احرص على عدم ربط كل الأموال، استخدم فقط جزءًا من الأموال المتوفرة خلال هذه الفترة",
  "Endorse": "مصادق",
  "Endorsements ({{count}})": "({{عمليات الاعتماد ({{عد",
  "Ensure that not all funds are locked, funds need to be available for fees.": ".ضمان عدم قفل كل الأموال، يجب توفير الأموال مقابل الرسوم",
  "Filter available candidates based on name, address or short account index.": ".قم بتصفية المرشحين المتاحين استنادًا إلى الاسم , العنوان أو المؤشرالقصيرللحساب",
  "For fund security, your session key should not match your stash key.": ".بالنسبة إلى أمن الصناديق، يجب ألا يتطابق مفتاح الجلسة مع مفتاح التخزين",
  "Forget": "نسيان",
  "Grandpa": "جد",
  "Hash data": "تجزئة البيانات",
  "I'm Online": "أنا متصل",
  "Inactive nominations ({{count}})": "({{الترشيحات غير النشطة ({{عد",
  "Inject Keys": "ضخ المفاتيح",
  "Inject session keys (advanced)": "(ضخ مفاتيح الجلسات (متقدم",
  "Keys from rotateKeys": "مفاتيح من المفاتيح الدوارة",
  "Locked1x": "قفلx1",
  "Locked2x": "قفلx2",
  "Locked3x": "قفلx3",
  "Locked4x": "قفلx4",
  "Locked5x": "قفلx5",
  "Locked6x": "قفلx6",
  "Multiple council proposals could exist, both approval and rejection. Apply your vote to the correct council proposal (also available on council motions page)": "(قد تنشأ مقترحات متعددة من جانب المجلس، سواء بالموافقة أو الرفض. طبق تصويتك على اقتراح المجلس الصحيح (متاح أيضا في صفحة طلبات المجلس",
  "Nay": "لا",
  "Nay, I do not approve": "لا ,أنا لا أوافق",
  "New stake": "حصة جديدة",
  "No": "لا",
  "No active validators found": "لم يتم العثور على أدوات تحقق نشطة",
  "No active validators to check": "لا توجد أدوات تحقق نشطة لتحديدها",
  "No approved proposals": "لا مقترحات مصادق عليها",
  "No committee proposals": "لا توجد اقتراحات من اللجان",
  "No funds staked yet. Bond funds to validate or nominate a validator": ".لم يتم التحقق من أي أموال بعد. قم برهن الأموال للتحقق من صحة أو تعيين جهة التحقق",
  "No items": "لا أشياء",
  "No members found": "لم يتم العثور على أعضاء",
  "No open tips": "لا",
  "No pending era payouts from validators": "لا توجد دفعات معلقة لعصر من القائمين على التحقق",
  "No pending payouts for your stashes": "لا توجد دفعات معلقة لتخزيناتك",
  "No pending proposals": "لا توجد اقتراحات معلقة",
  "No waiting validators found": "لم يتم العثور على متحققين في الانتظار",
  "Nominate": "ترشيح",
  "Nominate Validators": "تسمية المتحققين",
  "Nominate selected": "تم تحديد التسمية",
  "Nominate validators": "تعيين جهات التحقق",
  "Nominations ({{count}})": "({{الترشيحات  ({{عد",
  "Nominator": "مرشح",
  "Nominators can be selected automatically based on the current on-chain conditions or supplied manually as selected from the list of all currently available validators. In both cases, your favorites appear for the selection.": ".يمكن تحديد جهات الترشيح تلقائيًا استنادًا إلى الظروف الحالية على السلسلة أو إمدادها يدويًا كما هو محدد من قائمة كافة أدوات التحقق المتوفرة حاليًا.  في كلتا الحالتين، تظهر مفضلاتك للتحديد",
  "None": "لا شيء",
  "Of the beneficiary amount, at least {{bondPercentage}} would need to be put up as collateral. The maximum of this and the minimum bond will be used to secure the proposal, refundable if it passes.": ".من مبلغ المستفيد، يجب تقديم {{نسبة السند}} على الأقل كضمان. سيتم استخدام الحد الأقصى من هذا السند والحد الأدنى للسند لتأمين المقترح، ويمكن استرداد المبلغ إذا تم تمريره",
  "Once bonded, it wil need to be unlocked/withdrawn and will be locked for at least the bonding duration.": ". بمجرد الرهن، يجب إلغاء قفله/سحبه وقفله لمدة لا تقل عن مدة الرهن",
  "Once transmitted the new selection will only take effect in 2 eras since the selection criteria for the next era was done at the end of the previous era. Until then, the nominations will show as inactive.": ".بمجرد انتقال الاختيار الجديد فسوف يصبح نافذا في عصرين فقط منذ تم تنفيذ معايير الاختيار في العصر التالي في نهاية العصر السابق. وحتى ذلك الحين، ستظهر الترشيحات على أنها غير نشطة",
  "One of your available nomination accounts, keyed by the stash. The transaction will be sent from the controller.": ".أحد حسابات الترشيح المتاحة الخاصة بك، والذي يقوم بفتح التخزين. سيتم إرسال المعاملة من وحدة التحكم",
  "Parachains": "الكتل الموازية",
  "Payout": "دفع",
  "Payout all": "الدفع للكل",
  "Payout all stakers": "توزيع الأرباح لكل المتحققين",
  "Positive number": "عدد موجب",
  "Positive number between 1 and {{count}}": "{{عدد موجب بين 1 و {{عد",
  "Proposal can either be to approve or reject this spend. One approved, the change is applied by either removing the proposal or scheduling payout.": ".قد يكون الاقتراح إما الموافقة على هذا الإنفاق أو رفضه. إذا تمت الموافقة على التغيير، يتم تطبيقه إما بإزالة المقترح أو جدولة الدفع",
  "Proposals": "مقترحات",
  "Proposals ({{count}})": "({{المقترحات ({{عد",
  "Propose a committee motion": "اقتراح إجراء لجنة",
  "Propose tip": "اقترح",
  "RPC calls": "استدعاء إجراء مكالمة عن بُعد",
  "Raw storage": "تخزين أولي",
  "Reassign": "إعادة التعيين",
  "Rejection proposal to council": "رفض اقتراح  مقدم إلى المجلس",
  "Remove item": "امسح  شيئا",
  "Retrieving data": "استرجاع البيانات",
  "Retrieving info for all applicable eras, this will take some time": "ستستغرق عملية استرداد المعلومات لكل العصور القابلة للتطبيق بعض الوقت",
  "Rewards (once paid) can be deposited to either the stash or controller, with different effects.": ".يمكن إيداع المكافآت (بمجرد دفعها) إما في التخزين أو في وحدة التحكم، مع تأثيرات مختلفة",
  "Select best": "حدد الأفضل",
  "Select targets manually (no auto-selection based on current profitability)": "(تحديد الأهداف يدويًا (لا يتم التحديد التلقائي استنادًا إلى الربحية الحالية",
  "Select the account to use for this action.": ".حدد الحساب الذي تريد استخدامه لهذا الإجراء",
  "Select the account you wish close the proposal with.": ".حدد الحساب الذي تريد إغلاق العرض به",
  "Select the account you wish to make the proposal with.": ".حدد الحساب الذي تريد تقديم العرض معه",
  "Select the account you wish to submit the proposal from.": ".حدد الحساب الذي ترغب في إرسال المقترح منه",
  "Select the account you wish to submit the tip from.": ".حدد الحساب الذي تريد إرسال الجائزة منه",
  "Select the account you wish to vote with. You can approve \"aye\" or deny \"nay\" the proposal.": ".حدد الحساب الذي تريد التصويت منه. يمكنك الموافقة ب\"نعم\" أو الرفض \"لا\" للاقتراح",
  "Select the council account you wish to use to make the proposal.": ".حدد حساب المجلس الذي ترغب في استخدامه لتقديم الاقتراح",
  "Send to council": "أرسل إلى المجلس",
  "Session Key": "مفتاح الجلسة",
  "Set Session Key": "اضبط مفتاح الجلسة",
  "Set controller": "تعيين وحدة التحكم",
  "Set nominees": "تعيين المرشحين",
  "Set reward destination": "تعيين وجهة المكافأة",
  "Set sudo key": "تعيين مفتاح سودو",
  "Set validator preferences": "تعيين تفضيلات التحقق",
  "Setup Nominator {{step}}/{{NUM_STEPS}}": "{{إعداد المرشِّح {{خطوة}}/ {{عدد _الخطوات",
  "Setup Validator {{step}}/{{NUM_STEPS}}": "{{إعداد المتحقق{{خطوة}}/ {{عدد _الخطوات",
  "Sign message": "توقيع الرسالة",
  "Since this transaction deals with funding, the stash account will be used.": ".بما أن هذه المعاملة تتعامل مع التمويل، فسيتم استخدام حساب التخزين",
  "Staking overview": "نظرة عامة على صحة التحقق",
  "Stash": "تخزين",
  "Stop": "قف",
  "Storage": "تخزين",
  "Submit": "إرسال",
  "Submit RPC call": "إرسال استدعاء إجراء مكالمة عن بُعد",
  "Submit Sudo": "أرسل  سودو",
  "Submit key": "تطبيق المفتاح",
  "Submit proposal": "تقديم الاقتراح",
  "Submit signed extrinsic": "تقديم توقيع لمهمة خارجية",
  "Submit tip": "تقديم  جائزة",
  "Submit tip endorsement": "تقديم إقرار الجائزة",
  "Submit tip request": "تقديم طلب جائزة",
  "Submit treasury proposal": "تقديم اقتراح الخزانة",
  "Sudo access": "دخول سودو",
  "Targets": "أهداف",
  "Tech. committee": "لجنة التكنولوجيا",
  "The Threshold must be a positive number": "يجب أن يكون الحد رقماً موجباً",
  "The Threshold must lower than 11": "يجب أن يكون السقف أصغر من 11",
  "The UI puts a limit of 40 payouts at a time, where each payout is a single validator for a single era.": ".تضع واجهة المستخدم الحد في 40 حصة دفع في كل مرة، حيث يكون كل دفع هو صالح لمتحقق واحد لعصر واحد",
  "The account that signed the input": "الحساب الذي وقّع الإدخال",
  "The account to which the proposed balance will be transferred if approved": "الحساب الذي سيتم تحويل الرصيد المقترح إليه إذا تمت الموافقة عليه",
  "The account to which the tip will be transferred if approved": "الحساب الذي سيتم تحويل الجائزة إليه في حال الموافقة عليه",
  "The account's password specified at the creation of this account.": ".كلمة مرور الحساب المحددة عند إنشاء هذا الحساب",
  "The actual JSONRPC module and function to make a call to.": ".وحدة جسون لاستدعاء إجراء عن بُعد والوظيفة الفعليين لإجراء مكالمة",
  "The amount of funds to unbond, this is adjusted using the bonded funds on the stash account.": ".مبلغ الأموال المراد إلغاء رهنها، يتم تعديل هذا المبلغ باستخدام الأموال المربوطة في الحساب المُخزن",
  "The amount placed at-stake should be no more that 95% of your available amount to protect against slashing events.": ".لا ينبغي أن يكون المبلغ الذي تم وضعه على الرهان أكثر من 95% من المبلغ المتاح لك للحماية من حوادث التقريع",
  "The amount that is associated with this vote. This value is is locked for the duration of the vote.": ".المبلغ المرتبط بهذا التصويت. يتم تأمين هذه القيمة طوال مدة التصويت",
  "The amount that will be allocated from the treasury pot": "المبلغ الذي سيتم تخصيصه من وعاء الخزانة",
  "The amount that will be used on a per-validator basis to calculate profits for that validator.": ".المبلغ الذي سيتم استخدامه على أساس كل تحقق من الصحة لحساب الأرباح الخاصة بهذا المسؤول عن التحقق",
  "The auto-selection is done on the current profitability of the validators taking your favorites into account. It is adjusted based on the commission and current range of backing for the validator. The calculation may and will change over time, so it is rather a selection based on the current state of the network, not a predictor of future profitability.": ".يتم الاختيار التلقائي على الربحية الحالية للقائمين على التحقق من صحة الحساب مع أخذ مفضلاتك في الاعتبار. ويتم تعديلها بناءً على العمولة والنطاق الحالي للدعم الخاص بالقائم بالمصادقة. قد تتغير الحسابات مع مرور الوقت، لذا فهي عبارة عن اختيار يستند إلى الحالة الحالية للشبكة وليس إلى التوقعات الربحية المستقبلية",
  "The beneficiary will receive the full amount if the proposal passes.": ".سيحصل المستفيد على المبلغ الكامل إذا تم تمرير المقترح",
  "The beneficiary will received the tip as approved by council members.": ".سيتلقى المستفيد الجائزة كما وافق عليها أعضاء المجلس",
  "The blake2b 256-bit hash of the actual input data.": ".تجزئة 2 ب 256 -بت لبيانات الإدخال الفعلية",
  "The bonding duration for any staked funds. After this period needs to be withdrawn.": ".مدة الترابط لأي أموال مرهونة. وبعد هذه الفترة يتعين سحبها",
  "The bonding duration for any staked funds. Needs to be unlocked and withdrawn to become available.": ".مدة الترابط لأي أموال مرهونة. يجب إلغاء قفلها وسحبها لتصبح متوفرًة",
  "The commission is deducted from all rewards before the remainder is split with nominators.": ".يتم خصم العمولة من جميع المكافآت قبل تقسيم الباقي مع المترشيحن",
  "The committee account that will apply the close for the current round.": ".حساب اللجنة الذي سيطبق الإغلاق للجولة الحالية",
  "The controller is the account that is be used to control any nominating or validating actions. I will sign this transaction.": ".وحدة التحكم هي الحساب الذي يتم استخدامه للتحكم في أي إجراءات ترشيح أو التحقق من الصحة. سأقوم بالتوقيع على هذه المعاملة",
  "The controller is the account that will be used to control any nominating or validating actions. Should not match another stash or controller.": ".وحدة التحكم هي الحساب الذي سيتم استخدامه للتحكم في أي إجراءات ترشيح أو التحقق من الصحة. يجب ألا يتطابق مع وحدة تخزين أو وحدة تحكم أخرى",
  "The council member that is proposing this, submission equates to an \"aye\" vote.": "\"عضو المجلس الذي يقترح هذا الاقتراح، يمثل التطبيق تصويت ب\"آي",
  "The council proposal to make the vote on": "اقتراح المجلس بإجراء التصويت",
  "The data that was signed. This is used in combination with the signature for the verification. It can either be hex or a string.": ".البيانات التي تم توقيعها.  ويستخدم هذا مع التوقيع للتحقق.  يمكن أن يكون إما ست عشري أو سلسلة",
  "The destination account for any payments as either a nominator or validator": "حساب الوجهة لأي دفعات كمرشح أو جهة تحقق",
  "The funds will only be available for withdrawal after the unbonding period, however will not be part of the staked amount after the next validator election. You can follow the unlock countdown in the UI.": ".لن تكون الأموال متاحة للسحب إلا بعد فترة الترابط، ولكن لن تكون جزءاً من المبلغ المرهون  بعد الانتخابات التالية التي يتم التحقق منها. يمكنك متابعة العد التنازلي لإلغاء القفل في واجهة المستخدم",
  "The hash for the proposal this vote applies to": "تجزئة الاقتراح الذي ينطبق عليه هذا التصويت",
  "The hex output from author_rotateKeys, as executed on the validator node. The keys will show as pending until applied at the start of a new session.": ".المخرج سداسي عشري من كاتب_المفاتيح_الدوارة  ، كما تم تنفيذه على عقدة التحقق. ستظهر المفاتيح كمعلقة حتى يتم تطبيقها في بداية جلسة جديدة",
  "The input data to hash. This can be either specified as a hex value (0x-prefix) or as a string.": "بيانات الإدخال إلى التجزئة.  يمكن تحديد هذا إما كقيمة سداسية عشرية (بادئة-0إكس) أو كسلسلة",
  "The input data to sign. This can be either specified as a hex value (0x-prefix) or as a string.": "بيانات الإدخال التي يجب توقيعها. يمكن تحديد هذا إما كقيمة سداسية عشرية (بادئة-0إكس) أو كسلسلة",
  "The key type and crypto type to use for this key. Be aware that different keys have different crypto requirements. You should be familiar with the type requirements for the different keys.": ".نوع المفتاح ونوع التشفير الذي يجب استخدامه لهذا المفتاح. انتبه إلى أن المفاتيح المختلفة لها متطلبات تشفير مختلفة. يجب أن تكون على دراية بنوع المتطلبات للمفاتيح المختلفة",
  "The minimum amount that will be bonded": "الحد الأدنى للمبلغ الذي سيتم ربطه",
  "The minimum number of committee votes required to approve this motion": "الحد الأدنى لعدد أصوات اللجنة المطلوبة للموافقة على هذا الاقتراح",
  "The on-chain percentage for the treasury": "نسبة الخزينة بالنسبة للسلسلة",
  "The percentage reward (0-100) that should be applied for the validator": "مكافأة النسبة المئوية (0-100) التي يجب تطبيقها على المتحقق من الصحة",
  "The proposal that will be affected. Once closed for the current voting round, it would need to be re-submitted for a subsequent voting round.": ".الاقتراح الذي سيتأثر.  بمجرد إغلاق الدورة الحالية للتصويت، فسوف يكون من الضروري إعادة تقديمها لجولة تصويت لاحقة",
  "The reason why this tip should be paid.": "السبب وراء ضرورة دفع هذه الجائزة",
  "The resulting signature of the input data, as done with the crypto algorithm from the account. (This could be non-deterministic for some types such as sr25519).": "(التوقيع الناتج لبيانات الإدخال، كما تم مع خوارزمية التشفير من الحساب. (قد يكون هذا غير حتمي لبعض الأنواع مثل إس أر25519",
  "The seed and derivation path will be submitted to the validator node. this is an advanced operation, only to be performed when you are sure of the security and connection risks.": ".سيتم إرسال البذور ومسار الاشتقاق إلى عقدة أداة التحقق. هذه عملية متقدمة، يجب تنفيذها فقط عندما تكون متأكداً من مخاطر الأمان والاتصال",
  "The selected account to be unlocked.": ".الحساب المحدد الذي سيتم إلغاء تأمينه",
  "The selected controller tied to this stash. Once set, this account will be able to control the actions performed by the stash account.": ".وحدة التحكم المحددة المرتبطة بهذه المخزنة.  بمجرد أن يتم الضبط، سيتمكن هذا الحساب من التحكم في الإجراءات التي يتم تنفيذها بواسطة الحساب المُخزن",
  "The selected validators to nominate, either via the \"currently best algorithm\" or via a manual selection.": ".يتم تحديد وحدات التحقق من الصحة التي سيتم ترشيحها، إما عبر \"أفضل خوارزمية حاليًا\" أو عبر تحديد يدوي",
  "The signature as by the account being checked, supplied as a hex-formatted string.": ".التوقيع كما هو بواسطة الحساب الجاري التحقق منه، يتم توفيره كسلسلة على هيئة ست عشرية",
  "The specified value is greater than your free balance. The node will bond the maximum amount available.": ".القيمة المحددة أكبر من الرصيد الحر. ستقوم العقدة بربط الحد الأقصى للمبلغ المتوفر",
  "The stash account that is used. This will allow the controller to perform all non-funds related operations on behalf of the account.": ".الحساب المُخزن المستخدم.  سيسمح ذلك للمراقب بتنفيذ جميع العمليات غير المرتبطة بالأموال بالنيابة عن الحساب",
  "The stash and controller pair as linked. This operation will be performed via the controller.": ".زوج وحدة التحكم والتخزين على أنه متصل. سيتم تنفيذ هذه العملية عبر وحدة التحكم",
  "The stash and controller pair, here the controller will be used to send the transaction.": "زوج وحدة التحكم والتخزين, سيتم استخدام  وحدة التحكم  هنا لإرسال المعاملة",
  "The stash and controller pair. This transaction, managing preferences, will be sent from the controller.": ".زوج وحدة التحكم والتخزين  . سيتم إرسال هذه المعاملة، إدارة التفضيلات، من وحدة التحكم",
  "The stash and controller pair. This transaction, setting the session keys, will be sent from the controller.": ".زوج وحدة التحكم والتخزين . سيتم إرسال هذه المعاملة، التي تقوم بتعيين مفاتيح الجلسة، من وحدة التحكم",
  "The stash that is to be affected. The transaction will be sent from the associated controller account.": ".التخزين الذي يجب أن يتأثر. سيتم إرسال المعاملة من حساب وحدة التحكم المرتبط",
  "The suggested value for this tip": "القيمة المقترحة  لهذه الجائزة",
  "The tip amount that should be allocated": "مبلغ الجائزة الذي يجب تخصيصه",
  "The total amount of the stash balance that will be at stake in any forthcoming rounds (should be less than the free amount available)": "(المبلغ الإجمالي للرصيد المتبقي الذي سيكون على المحك في أي جولات مقبلة (ينبغي أن يكون أقل من المبلغ المتاح",
  "The total amount of the stash balance that will be at stake in any forthcoming rounds (should be less than the total amount available)": "(المبلغ الإجمالي للرصيد المتبقي الذي سيوضع على المحك في أي جولات مقبلة (ينبغي أن يكون أقل من المبلغ الإجمالي المتاح",
  "The type of council proposal to submit.": ".نوع اقتراح المجلس الذي سيقدم",
  "The unchecked weight as specified for the sudoUncheckedWeight call.": ".الوزن غير المؤكد كما هو محدد لمكالمة سودو الغيرالمتحققة من الوزن",
  "The value is the amount that is being asked for and that will be allocated to the beneficiary if the proposal is approved.": "القيمة هي المبلغ المطلوب والذي سيتم تخصيصها للمستفيد في حالة الموافقة على المقترح",
  "There is currently an ongoing election for new validator candidates. As such staking operations are not permitted.": ".هناك حاليا انتخابات جارية لمرشحين جدد  من التحقق. وبالتالي، لا يُسمح بعمليات الرهان هذه",
  "Think of the stash as your cold wallet and the controller as your hot wallet. Funding operations are controlled by the stash, any other non-funding actions by the controller itself.": ".فكّر في التخزين على أنه محفظتك الباردة وفي أداة التحكم كمحفظتك الساخنة. عمليات التمويل خاضعة للرقابة من طرف المُخزن، وأي إجراءات أخرى غير التمويل يتم مراقبتها من المراقب ذاته",
  "This account that will perform the message signing.": ".هذا الحساب الذي سيقوم بتوقيع الرسالة",
  "This account will make the proposal and be responsible for the bond.": "سيقدم هذا الحساب الاقتراح وسيكون مسؤولاً عن الربط",
  "This external account cannot be used to sign data. Only Limited support is currently available for signing from any non-internal accounts.": ".لا يمكن استخدام هذا الحساب الخارجي لتوقيع البيانات.  يتوفر الدعم المحدود فقط حاليًا للتوقيع من أي حسابات غير داخلية",
  "This injected account cannot be used to sign data since the extension does not support raw signing.": ".لا يمكن استخدام ضخ هذا الحساب لتوقيع البيانات نظرًا لأن الملحق لا يدعم التوقيع الأولي",
  "This operation does not remove the history of the account from the chain, nor any associated funds from the account. The forget operation only limits your access to the account on this browser.": ".لا تؤدي هذه العملية إلى إزالة محفوظات الحساب من السلسلة، ولا أي أموال مرتبطة من الحساب.  تحد عملية \"النسيان\" من وصولك إلى الحساب على هذا المتصفح فقط",
  "This operation does not remove the history of the account from the chain, nor any associated funds from the account. The forget operation only limits your access to the address on this browser.": ".لا تؤدي هذه العملية إلى إزالة محفوظات الحساب من السلسلة، ولا أي أموال مرتبطة من الحساب.  إن عملية النسيان تحد من وصولك إلى العنوان على هذا المتصفح  فقط",
  "This operation does not remove the history of the contract from the chain, nor any associated funds from its account. The forget operation only limits your access to the contract on this browser.": ".لا تؤدي هذه العملية إلى إزالة محفوظات العقد من السلسلة، ولا أي أموال مرتبطة من الحساب.  إن عملية النسيان تحد من وصولك إلى العقد على هذا المتصفح  فقط",
  "This operation will submit the seed via an RPC call. Do not perform this operation on a public RPC node, but ensure that the node is local, connected to your validator and secure.": ".ستسلم هذه العملية البذورعبراستدعاء إجراء مكالمة عن بُعد. لا تقم بإجراء هذه العملية على عقدة استدعاء إجراء عن بُعدعامة، ولكن تأكد من أن العقدة محلية ومتصلة بالمتحقق وأمنة",
  "This pubic key is what will be visible in your queued keys list. It is generated based on the seed and the crypto used.": ".هذا المفتاح العام هو ما سيكون مرئياً في قائمة مفاتيح قائمة الانتظار.  يتم إنشاؤه استنادًا إلى البذرة والتشفرة المستخدمة",
  "Tip": "بقشيش/جائزة",
  "To council": "إلى المجلس",
  "To ensure optimal fund security using the same stash/controller is strongly discouraged, but not forbidden.": ".لضمان الحصول على أفضل أمن للتمويل باستخدام نفس وحدة التحكم/وحدة التخزين، يتم تثبيط هذا الأمان بشدة، ولكنه لا يمنع استخدامه",
  "Treasury overview": "نظرة عامة على الخزينة",
  "Unbond": "غير مرتبط",
  "Unbond funds": "صناديق السندات",
  "Unbonding {{value}}, ": "،{{إلغاء الربط {{قيمة",
  "Uncaught error. Something went wrong with the query and rendering of this component. {{message}}": "{{خطأ غير مسلط. حدث خطأ ما في الاستعلام عن هذا المكون وتصويله. {{رسالة",
  "Unlock": "إلغاء القفل",
  "Unlock account": "إلغاء قفل الحساب",
  "Unlock the account for signing. Once active the signature will be generated based on the content provided.": ".قم بإلغاء قفل الحساب للتوقيع.  بمجرد تنشيط التوقيع، سيتم إنشاؤه استنادًا إلى المحتوى المقدم",
  "Use an automatic selection of the currently most profitable validators": "استخدم مجموعة مختارة تلقائية من أدوات التحقق الأكثر ربحًا حاليًا",
  "Use this account to request the tip from. This can be a normal or council account.": "استخدم هذا الحساب لطلب النصيحة منه. قد يكون هذا حسابًا طبيعيًا أو حسابًا في المجلس.",
  "Validate": "تصادق",
  "Validator": "المتحقق",
  "Validator stats": "إحصائيات التحقق",
  "Verify signature": "تدقيق التوقيع",
  "View this externally": "اعرض هذا خارجيًا",
  "Vote": "تصويت",
  "Vote Aye": "صوت نعم",
  "Vote Nay": "صوت لا",
  "Vote on proposal": "التصويت على الاقتراح",
  "Waiting": "في الإنتطار",
  "Waiting nominations ({{count}})": "({{بانتظار الترشيحات ({{عد",
  "Withdraw these unbonded funds": "اسحب هذه الأموال غير المربوطة",
  "Yes": "نعم",
  "You are about to remove this account from your list of available accounts. Once completed, should you need to access it again, you will have to re-create the account either via seed or via a backup file.": ".أنت على وشك إزالة هذا الحساب من قائمة الحسابات المتوفرة لديك. بمجرد الانتهاء، إذا كنت بحاجة إلى الوصول إليه مرة أخرى، فسوف تضطر إلى إعادة إنشاء الحساب إما عبرالبذرة أو عبر ملف نسخ احتياطي",
  "You are about to remove this address from your address book. Once completed, should you need to access it again, you will have to re-add the address.": ".أنت على وشك إزالة هذا العنوان من دفتر العناوين.  بمجرد الانتهاء، إذا كنت بحاجة إلى الوصول إليه مرة أخرى، فسوف تضطر إلى إعادة إضافة العنوان",
  "You are about to remove this contract from your list of available contracts. Once completed, should you need to access it again, you will have to manually add the contract's address in the Instantiate tab.": ".أنت على وشك إزالة هذا العقد من قائمة العقود المتوفرة لديك.  بمجرد الانتهاء، إذا كنت بحاجة إلى الوصول إليه مرة أخرى، فسوف تضطر إلى إضافة عنوان العقد يدويًا في علامة التبويب",
  "You are voting with this collective's prime account. The vote will be the default outcome in case of any abstentions.": ".أنت مصوت بالحساب الجماعي الأساسي هذا. سوف يكون التصويت النتيجة التلقائية في حالة امتناع أي عضو عن التصويت",
  "You do not have access to the current sudo key": "ليس لديك حق الوصول إلى مفتاح سودو الحالي",
  "You need to unlock this account to be able to sign data.": ".يجب إلغاء قفل هذا الحساب لتتمكن من توقيع البيانات",
  "You will no longer have sudo access": "لن يكون لديك حق الوصول إلى إذن الدخول سودو",
  "Your endorsement will be applied for this account.": ".سيتم تطبيق المصادقة على هذا الحساب",
  "Your stash account. The transaction will be sent from the associated controller.": ".حسابك المُخزن . سيتم إرسال المعاملة من المراقب المرتبط",
  "account": "حساب",
  "additional bonded funds": "أموال مرتبطة إضافية",
  "address copied": "تم إلصاق العنوان",
  "amount to use for estimation": "المبلغ الذي يجب استخدامه للتقدير",
  "approved": "مصادق عليه",
  "auto-selected targets for nomination": "أهداف محددة تلقائيًا للترشيح",
  "available": "متاح",
  "average": "معدل",
  "aye": "نعم",
  "aye: bool": "نعم : بول",
  "balance": "رصيد",
  "beneficiary": "مستفيد",
  "bond": "ربط",
  "bonded": "مرتبط",
  "call the selected endpoint": "الاتصال بنقطة النهاية المحددة",
  "candidate accounts": "حسابات المرشحين",
  "click to select or drag and drop the file here": "انقر لتحديد الملف أو سحبه وإفلاته هنا",
  "clipboard": "الحافظة",
  "commission": "لجنة",
  "controller": "مراقب",
  "controller account": "حساب وحدة التحكم",
  "conviction: Conviction": "قناعة : قناعة",
  "council proposal": "مقترح المجلس",
  "council proposal type": "نوع مقترح المجلس",
  "crypto type to use": "نوع التشفير الذي يجب استخدامه",
  "democracy": "ديمقراطية",
  "details": "تفاصيل",
  "ed25519, Edwards": "ed25519، إدواردز",
  "elected stake": "حصة منتخبة",
  "era points": "نقاط العصر",
  "eras": "عصور",
  "everything": "كل شيء",
  "exclude option": "إخراج الإختيار",
  "extrinsic hash": "تجزئة خارجية",
  "fee": "رسوم",
  "filter by name, address or index": "التصفية حسب الاسم أو العنوان أو المؤشر",
  "filter by name, address, or account index": "التصفية حسب الاسم أو العنوان أو مؤشر الحساب",
  "finder": "باحث",
  "from the following data": "من البيانات التالية",
  "generated public key": "إنشاء مفتاح عام",
  "hex input data": "بيانات الإدخال السداسي عشري",
  "hex-encoded storage key": "مفتاح تخزين مشفر سداسي",
  "include option": "تضمين الإختيار",
  "intentions": "نوايا",
  "key type to set": "نوع المفتاح الذي تريد تعيينه",
  "last #": "أخير#",
  "last block": "الكتلة الأخيرة",
  "last reward": "المكافأة الأخيرة",
  "lifetime": "مدى الحياة",
  "lock expired": "انتهت صلاحية القفل",
  "locked": "مقفل",
  "members": "أعضاء",
  "minimum bond": "الحد الأدنى للربط",
  "nay": "لا",
  "next": "التالي",
  "no tags": "لا توجد علامات",
  "nominated accounts": "الحسابات المرشحة",
  "nominators": "مرشحين",
  "on-chain bonding duration": "مدة الربط على السلسلة",
  "ongoing referendum": "الاستفتاء الجاري",
  "only this network": "فقط هذا الأسبوع",
  "other stake": "حصة أخرى",
  "own stake": "حصّة خاصة",
  "password": "كلتة مرور",
  "payment": "دفع",
  "payment destination": "وجهة الدفع",
  "payout stakers for (multiple)": "(شركات توزيع الأرباح لـ (متعددة",
  "payout stakers for (single)": "(شركات توزيع الأرباح لـ (متفرد",
  "payout/stash": "دفع/تخزين",
  "payout/validator": "الدفع/التحقق",
  "points": "نقط",
  "prev": "سابق",
  "prime member": "عضو رئيسي",
  "priority {{index}}": "{{الأولوية {{مؤشر",
  "profit/era est": "الربح/العصر",
  "proposal": "اقتراح",
  "proposal bond": "مقترح الربط",
  "proposal hash": "مقترح  التجزئة",
  "proposals": "اقتراحات",
  "propose from account": "اقتراح من الحساب",
  "proposed by": "مقترح من طرف",
  "reason": "سبب",
  "redeemable": "قابل للاسترداد",
  "request payout from": "طلب الدفع من",
  "reserved": "محجوز",
  "reward commission percentage": "نسبة عمولة المكافأة",
  "rewards": "المكافآت",
  "rewards & slashes": "المكافآت والخطوط المائلة",
  "select the account you wish to sign data with": "حدد الحساب الذي تريد توقيع البيانات منه",
  "selected constant query": "استعلام ثابت محدد",
  "selected state query": "استعلام الحالة المحدد",
  "selected validators": "أدوات التحقق المحددة",
  "sending account": "الحساب المرسل",
  "session keys": "مفاتيح الجلسات",
  "session next": "الجلسة التالية",
  "sign data from account": "قم بتوقيع البيانات من الحساب",
  "sign the following data": "قم بتوقيع البيانات التالية",
  "signature crypto type": "نوع التشفير الخاص بالتوقيع",
  "signature of supplied data": "توقيع البيانات المقدمة",
  "spend period": "فترة الإنفاق",
  "sr15519, Schnorrkel": "sr15519، سكنوركل",
  "staked": "مرهون",
  "stash account": "تخزين الحساب",
  "stashes": "التخزينات",
  "submit the following change": "أرسل التغيير التالي",
  "submit with account": "إرسال مع الحساب",
  "submit with council account": "إرسال مع حساب المجلس",
  "sudo key": "مفتاح سودو",
  "sudo with unchecked weight parameter": "سودو مع وزن غير محدد الإعداد",
  "sudo without unchecked weight parameter": "سودو دون  وزن غير محدد الإعداد",
  "suri (seed & derivation)": "(سوري (البذرة  والإشتقاق",
  "the associated controller": "وحدة التحكم ذات الصلة",
  "the resulting hash is": "تكون التجزئة الناتجة عن ذلك",
  "the stash account to nominate with": "الحساب المُخزن الذي تريد ترشيحه",
  "the supplied signature": "البيانات المقدمة",
  "threshold": "عتبة",
  "tip": "بقشيش/جائزة",
  "tip reason": "سبب البقشيش",
  "tip value": "قيمة البقشيش",
  "tips": "جوائز/بقشيش",
  "total": "مجموع",
  "total issuance": "إجمالي الإصدار",
  "total stake": "إجمالي الرهن",
  "total staked": "إجمالي المرهون",
  "transactions": "معاملات",
  "transferrable": "قابل للتحويل",
  "type": "نوع",
  "unbond amount": "مبلغ إلغاء الربط",
  "unbonding": "غير مربوط",
  "unchecked weight for this call": "وزن غير محدد لهذه المكالمة",
  "unstake threshold": "عتبة عدم الرهن",
  "use on any network": "استخدم على أي شبكة",
  "using my account": "استخدام حسابي",
  "using the following data": "باستخدام البيانات التالية",
  "validator to query": "التحقق من صحة الاستعلام",
  "validators": "المتحققين",
  "validators/nominators": "أدوات التحقق/جهات الترشيح",
  "value": "قيمة",
  "value bonded": "القيمة المربوطة",
  "verify using address": "تحقق باستخدام العنوان",
  "vested": "منوطة",
  "via Council/Vote": "عن طريق المجلس/التصويت",
  "via Democracy/Vote": "عن طريق الديمقراطية/التصويت",
  "via Staking/Bond": "عبر الرهان/السندات",
  "via Vesting": "عبر المنوطة إليه",
  "vote value": "تصويت قيمة",
  "vote with account": "صوّت بالحساب",
  "voting balance": "رصيد التصويت",
  "voting end": "انتهاء التصويت",
  "waiting": "في الإنتطار",
  "with an index of": "مع مؤشر من",
  "{{blocks}} blocks": "{{الكتل {{الكتل",
  "{{count}} key/value pairs encoded for submission": "عد}} المفتاح /ترميز أزواج  القيم  لإرسالها}}",
  "{{count}} own stashes": "{{التخزينات الخاصة {{عد",
  "{{currency}} average": "{{متوسط  {{العملة",
  "{{currency}} clipped": "{{تم قطع  {{العملة",
  "{{currency}} rewards": "{{المكافآت {{العملة",
  "{{currency}} slashed": "{{تم خفض {{العملة",
  "{{currency}} total": "{{الإجمالي {{العملة",
  "{{d}} days": "{{أيام {{ي",
  "{{h}} hrs": "{{ساعات {{س",
  "{{m}} mins": "{{دقائق {{د",
  "{{name}} ({{size}} bytes)": "({{الإسم}} ({{الحجم}} من البايتات}}",
  "{{s}} s": "{{ثوان {{ث"
}